Provinsi,Kabupaten,Kecamatan,Kelurahan,Posyandu,nomor_KK,NIK,nama_anak,jenis_kelamin,usiaoktober,latitude,longitude,bulan,status_stunting,tanggal
Daerah Istimewa Yogyakarta,Bantul,Sewon,Desa A,Posyandu A,6371059774475779,6371058651482250,Anak 1,P,4,-7.8492232,110.3569299,Januari,0,2020-01-16
Daerah Istimewa Yogyakarta,Bantul,Sewon,Desa A,Posyandu A,6371059774475779,6371058651482250,Anak 1,P,4,-7.8492232,110.3569299,Februari,0,2020-02-16
Daerah Istimewa Yogyakarta,Bantul,Sewon,Desa A,Posyandu A,6371059774475779,6371058651482250,Anak 1,P,4,-7.8492232,110.3569299,Maret,0,2020-03-16
Daerah Istimewa Yogyakarta,Bantul,Sewon,Desa A,Posyandu A,6371059774475779,6371058651482250,Anak 1,P,4,-7.8492232,110.3569299,April,0,2020-04-16
Daerah Istimewa Yogyakarta,Bantul,Sewon,Desa A,Posyandu A,6371059774475779,6371058651482250,Anak 1,P,4,-7.8492232,110.3569299,Mei,0,2020-05-16
Daerah Istimewa Yogyakarta,Bantul,Sewon,Desa A,Posyandu A,6371059774475779,6371058651482250,Anak 1,P,4,-7.8492232,110.3569299,Juni,1,2020-06-16
Daerah Istimewa Yogyakarta,Bantul,Sewon,Desa A,Posyandu A,6371059774475779,6371058651482250,Anak 1,P,4,-7.8492232,110.3569299,Juli,1,2020-07-16
Daerah Istimewa Yogyakarta,Bantul,Sewon,Desa A,Posyandu A,6371059774475779,6371058651482250,Anak 1,P,4,-7.8492232,110.3569299,Agustus,1,2020-08-16
Daerah Istimewa Yogyakarta,Bantul,Sewon,Desa A,Posyandu A,6371059774475779,6371058651482250,Anak 1,P,4,-7.8492232,110.3569299,September,1,2020-09-16
Daerah Istimewa Yogyakarta,Bantul,Sewon,Desa A,Posyandu A,6371059774475779,6371058651482250,Anak 1,P,4,-7.8492232,110.3569299,Oktober,1,2020-10-16
Daerah Istimewa Yogyakarta,Bantul,Sewon,Desa A,Posyandu A,6371053885637685,6371058596429107,Anak 2,L,45,-7.8492232,110.3569299,Januari,0,2020-01-16
Daerah Istimewa Yogyakarta,Bantul,Sewon,Desa A,Posyandu A,6371053885637685,6371058596429107,Anak 2,L,45,-7.8492232,110.3569299,Februari,0,2020-02-16
Daerah Istimewa Yogyakarta,Bantul,Sewon,Desa A,Posyandu A,6371053885637685,6371058596429107,Anak 2,L,45,-7.8492232,110.3569299,Maret,0,2020-03-16
Daerah Istimewa Yogyakarta,Bantul,Sewon,Desa A,Posyandu A,6371053885637685,6371058596429107,Anak 2,L,45,-7.8492232,110.3569299,April,0,2020-04-16
Daerah Istimewa Yogyakarta,Bantul,Sewon,Desa A,Posyandu A,6371053885637685,6371058596429107,Anak 2,L,45,-7.8492232,110.3569299,Mei,0,2020-05-16
Daerah Istimewa Yogyakarta,Bantul,Sewon,Desa A,Posyandu A,6371053885637685,6371058596429107,Anak 2,L,45,-7.8492232,110.3569299,Juni,0,2020-06-16
Daerah Istimewa Yogyakarta,Bantul,Sewon,Desa A,Posyandu A,6371053885637685,6371058596429107,Anak 2,L,45,-7.8492232,110.3569299,Juli,0,2020-07-16
Daerah Istimewa Yogyakarta,Bantul,Sewon,Desa A,Posyandu A,6371053885637685,6371058596429107,Anak 2,L,45,-7.8492232,110.3569299,Agustus,0,2020-08-16
Daerah Istimewa Yogyakarta,Bantul,Sewon,Desa A,Posyandu A,6371053885637685,6371058596429107,Anak 2,L,45,-7.8492232,110.3569299,September,0,2020-09-16
Daerah Istimewa Yogyakarta,Bantul,Sewon,Desa A,Posyandu A,6371053885637685,6371058596429107,Anak 2,L,45,-7.8492232,110.3569299,Oktober,0,2020-10-16
Daerah Istimewa Yogyakarta,Bantul,Sewon,Desa A,Posyandu A,6371052548697415,6371055417441781,Anak 3,P,35,-7.8492232,110.3569299,Januari,0,2020-01-16
Daerah Istimewa Yogyakarta,Bantul,Sewon,Desa A,Posyandu A,6371052548697415,6371055417441781,Anak 3,P,35,-7.8492232,110.3569299,Februari,1,2020-02-16
Daerah Istimewa Yogyakarta,Bantul,Sewon,Desa A,Posyandu A,6371052548697415,6371055417441781,Anak 3,P,35,-7.8492232,110.3569299,Maret,1,2020-03-16
Daerah Istimewa Yogyakarta,Bantul,Sewon,Desa A,Posyandu A,6371052548697415,6371055417441781,Anak 3,P,35,-7.8492232,110.3569299,April,1,2020-04-16
Daerah Istimewa Yogyakarta,Bantul,Sewon,Desa A,Posyandu A,6371052548697415,6371055417441781,Anak 3,P,35,-7.8492232,110.3569299,Mei,1,2020-05-16
Daerah Istimewa Yogyakarta,Bantul,Sewon,Desa A,Posyandu A,6371052548697415,6371055417441781,Anak 3,P,35,-7.8492232,110.3569299,Juni,1,2020-06-16
Daerah Istimewa Yogyakarta,Bantul,Sewon,Desa A,Posyandu A,6371052548697415,6371055417441781,Anak 3,P,35,-7.8492232,110.3569299,Juli,1,2020-07-16
Daerah Istimewa Yogyakarta,Bantul,Sewon,Desa A,Posyandu A,6371052548697415,6371055417441781,Anak 3,P,35,-7.8492232,110.3569299,Agustus,0,2020-08-16
Daerah Istimewa Yogyakarta,Bantul,Sewon,Desa A,Posyandu A,6371052548697415,6371055417441781,Anak 3,P,35,-7.8492232,110.3569299,September,0,2020-09-16
Daerah Istimewa Yogyakarta,Bantul,Sewon,Desa A,Posyandu A,6371052548697415,6371055417441781,Anak 3,P,35,-7.8492232,110.3569299,Oktober,0,2020-10-16
Daerah Istimewa Yogyakarta,Bantul,Sewon,Desa A,Posyandu A,6371053974852323,6371056795209725,Anak 4,P,56,-7.8492232,110.3569299,Januari,0,2020-01-16
Daerah Istimewa Yogyakarta,Bantul,Sewon,Desa A,Posyandu A,6371053974852323,6371056795209725,Anak 4,P,56,-7.8492232,110.3569299,Februari,1,2020-02-16
Daerah Istimewa Yogyakarta,Bantul,Sewon,Desa A,Posyandu A,6371053974852323,6371056795209725,Anak 4,P,56,-7.8492232,110.3569299,Maret,1,2020-03-16
Daerah Istimewa Yogyakarta,Bantul,Sewon,Desa A,Posyandu A,6371053974852323,6371056795209725,Anak 4,P,56,-7.8492232,110.3569299,April,0,2020-04-16
Daerah Istimewa Yogyakarta,Bantul,Sewon,Desa A,Posyandu A,6371053974852323,6371056795209725,Anak 4,P,56,-7.8492232,110.3569299,Mei,0,2020-05-16
Daerah Istimewa Yogyakarta,Bantul,Sewon,Desa A,Posyandu A,6371053974852323,6371056795209725,Anak 4,P,56,-7.8492232,110.3569299,Juni,0,2020-06-16
Daerah Istimewa Yogyakarta,Bantul,Sewon,Desa A,Posyandu A,6371053974852323,6371056795209725,Anak 4,P,56,-7.8492232,110.3569299,Juli,0,2020-07-16
Daerah Istimewa Yogyakarta,Bantul,Sewon,Desa A,Posyandu A,6371053974852323,6371056795209725,Anak 4,P,56,-7.8492232,110.3569299,Agustus,0,2020-08-16
Daerah Istimewa Yogyakarta,Bantul,Sewon,Desa A,Posyandu A,6371053974852323,6371056795209725,Anak 4,P,56,-7.8492232,110.3569299,September,0,2020-09-16
Daerah Istimewa Yogyakarta,Bantul,Sewon,Desa A,Posyandu A,6371053974852323,6371056795209725,Anak 4,P,56,-7.8492232,110.3569299,Oktober,0,2020-10-16
Daerah Istimewa Yogyakarta,Bantul,Sewon,Desa A,Posyandu A,6371056749988294,6371057093617570,Anak 5,L,24,-7.8492232,110.3569299,Januari,0,2020-01-16
Daerah Istimewa Yogyakarta,Bantul,Sewon,Desa A,Posyandu A,6371056749988294,6371057093617570,Anak 5,L,24,-7.8492232,110.3569299,Februari,0,2020-02-16
Daerah Istimewa Yogyakarta,Bantul,Sewon,Desa A,Posyandu A,6371056749988294,6371057093617570,Anak 5,L,24,-7.8492232,110.3569299,Maret,0,2020-03-16
Daerah Istimewa Yogyakarta,Bantul,Sewon,Desa A,Posyandu A,6371056749988294,6371057093617570,Anak 5,L,24,-7.8492232,110.3569299,April,0,2020-04-16
Daerah Istimewa Yogyakarta,Bantul,Sewon,Desa A,Posyandu A,6371056749988294,6371057093617570,Anak 5,L,24,-7.8492232,110.3569299,Mei,0,2020-05-16
Daerah Istimewa Yogyakarta,Bantul,Sewon,Desa A,Posyandu A,6371056749988294,6371057093617570,Anak 5,L,24,-7.8492232,110.3569299,Juni,0,2020-06-16
Daerah Istimewa Yogyakarta,Bantul,Sewon,Desa A,Posyandu A,6371056749988294,6371057093617570,Anak 5,L,24,-7.8492232,110.3569299,Juli,0,2020-07-16
Daerah Istimewa Yogyakarta,Bantul,Sewon,Desa A,Posyandu A,6371056749988294,6371057093617570,Anak 5,L,24,-7.8492232,110.3569299,Agustus,1,2020-08-16
Daerah Istimewa Yogyakarta,Bantul,Sewon,Desa A,Posyandu A,6371056749988294,6371057093617570,Anak 5,L,24,-7.8492232,110.3569299,September,1,2020-09-16
Daerah Istimewa Yogyakarta,Bantul,Sewon,Desa A,Posyandu A,6371056749988294,6371057093617570,Anak 5,L,24,-7.8492232,110.3569299,Oktober,1,2020-10-16
Daerah Istimewa Yogyakarta,Bantul,Sewon,Desa A,Posyandu A,6371059363814795,6371053063485632,Anak 6,P,18,-7.8492232,110.3569299,Januari,1,2020-01-16
Daerah Istimewa Yogyakarta,Bantul,Sewon,Desa A,Posyandu A,6371059363814795,6371053063485632,Anak 6,P,18,-7.8492232,110.3569299,Februari,1,2020-02-16
Daerah Istimewa Yogyakarta,Bantul,Sewon,Desa A,Posyandu A,6371059363814795,6371053063485632,Anak 6,P,18,-7.8492232,110.3569299,Maret,1,2020-03-16
Daerah Istimewa Yogyakarta,Bantul,Sewon,Desa A,Posyandu A,6371059363814795,6371053063485632,Anak 6,P,18,-7.8492232,110.3569299,April,1,2020-04-16
Daerah Istimewa Yogyakarta,Bantul,Sewon,Desa A,Posyandu A,6371059363814795,6371053063485632,Anak 6,P,18,-7.8492232,110.3569299,Mei,0,2020-05-16
Daerah Istimewa Yogyakarta,Bantul,Sewon,Desa A,Posyandu A,6371059363814795,6371053063485632,Anak 6,P,18,-7.8492232,110.3569299,Juni,0,2020-06-16
Daerah Istimewa Yogyakarta,Bantul,Sewon,Desa A,Posyandu A,6371059363814795,6371053063485632,Anak 6,P,18,-7.8492232,110.3569299,Juli,0,2020-07-16
Daerah Istimewa Yogyakarta,Bantul,Sewon,Desa A,Posyandu A,6371059363814795,6371053063485632,Anak 6,P,18,-7.8492232,110.3569299,Agustus,0,2020-08-16
Daerah Istimewa Yogyakarta,Bantul,Sewon,Desa A,Posyandu A,6371059363814795,6371053063485632,Anak 6,P,18,-7.8492232,110.3569299,September,0,2020-09-16
Daerah Istimewa Yogyakarta,Bantul,Sewon,Desa A,Posyandu A,6371059363814795,6371053063485632,Anak 6,P,18,-7.8492232,110.3569299,Oktober,1,2020-10-16
Daerah Istimewa Yogyakarta,Bantul,Sewon,Desa A,Posyandu A,6371052125698265,6371054793121487,Anak 7,L,46,-7.8492232,110.3569299,Januari,0,2020-01-16
Daerah Istimewa Yogyakarta,Bantul,Sewon,Desa A,Posyandu A,6371052125698265,6371054793121487,Anak 7,L,46,-7.8492232,110.3569299,Februari,0,2020-02-16
Daerah Istimewa Yogyakarta,Bantul,Sewon,Desa A,Posyandu A,6371052125698265,6371054793121487,Anak 7,L,46,-7.8492232,110.3569299,Maret,1,2020-03-16
Daerah Istimewa Yogyakarta,Bantul,Sewon,Desa A,Posyandu A,6371052125698265,6371054793121487,Anak 7,L,46,-7.8492232,110.3569299,April,1,2020-04-16
Daerah Istimewa Yogyakarta,Bantul,Sewon,Desa A,Posyandu A,6371052125698265,6371054793121487,Anak 7,L,46,-7.8492232,110.3569299,Mei,0,2020-05-16
Daerah Istimewa Yogyakarta,Bantul,Sewon,Desa A,Posyandu A,6371052125698265,6371054793121487,Anak 7,L,46,-7.8492232,110.3569299,Juni,0,2020-06-16
Daerah Istimewa Yogyakarta,Bantul,Sewon,Desa A,Posyandu A,6371052125698265,6371054793121487,Anak 7,L,46,-7.8492232,110.3569299,Juli,0,2020-07-16
Daerah Istimewa Yogyakarta,Bantul,Sewon,Desa A,Posyandu A,6371052125698265,6371054793121487,Anak 7,L,46,-7.8492232,110.3569299,Agustus,0,2020-08-16
Daerah Istimewa Yogyakarta,Bantul,Sewon,Desa A,Posyandu A,6371052125698265,6371054793121487,Anak 7,L,46,-7.8492232,110.3569299,September,0,2020-09-16
Daerah Istimewa Yogyakarta,Bantul,Sewon,Desa A,Posyandu A,6371052125698265,6371054793121487,Anak 7,L,46,-7.8492232,110.3569299,Oktober,0,2020-10-16
Daerah Istimewa Yogyakarta,Bantul,Sewon,Desa A,Posyandu A,6371054586469731,6371056830334464,Anak 8,L,55,-7.8492232,110.3569299,Januari,0,2020-01-16
Daerah Istimewa Yogyakarta,Bantul,Sewon,Desa A,Posyandu A,6371054586469731,6371056830334464,Anak 8,L,55,-7.8492232,110.3569299,Februari,0,2020-02-16
Daerah Istimewa Yogyakarta,Bantul,Sewon,Desa A,Posyandu A,6371054586469731,6371056830334464,Anak 8,L,55,-7.8492232,110.3569299,Maret,0,2020-03-16
Daerah Istimewa Yogyakarta,Bantul,Sewon,Desa A,Posyandu A,6371054586469731,6371056830334464,Anak 8,L,55,-7.8492232,110.3569299,April,0,2020-04-16
Daerah Istimewa Yogyakarta,Bantul,Sewon,Desa A,Posyandu A,6371054586469731,6371056830334464,Anak 8,L,55,-7.8492232,110.3569299,Mei,0,2020-05-16
Daerah Istimewa Yogyakarta,Bantul,Sewon,Desa A,Posyandu A,6371054586469731,6371056830334464,Anak 8,L,55,-7.8492232,110.3569299,Juni,0,2020-06-16
Daerah Istimewa Yogyakarta,Bantul,Sewon,Desa A,Posyandu A,6371054586469731,6371056830334464,Anak 8,L,55,-7.8492232,110.3569299,Juli,0,2020-07-16
Daerah Istimewa Yogyakarta,Bantul,Sewon,Desa A,Posyandu A,6371054586469731,6371056830334464,Anak 8,L,55,-7.8492232,110.3569299,Agustus,1,2020-08-16
Daerah Istimewa Yogyakarta,Bantul,Sewon,Desa A,Posyandu A,6371054586469731,6371056830334464,Anak 8,L,55,-7.8492232,110.3569299,September,1,2020-09-16
Daerah Istimewa Yogyakarta,Bantul,Sewon,Desa A,Posyandu A,6371054586469731,6371056830334464,Anak 8,L,55,-7.8492232,110.3569299,Oktober,0,2020-10-16
Daerah Istimewa Yogyakarta,Bantul,Sewon,Desa A,Posyandu A,6371052437968731,6371059707262331,Anak 9,P,41,-7.8492232,110.3569299,Januari,0,2020-01-16
Daerah Istimewa Yogyakarta,Bantul,Sewon,Desa A,Posyandu A,6371052437968731,6371059707262331,Anak 9,P,41,-7.8492232,110.3569299,Februari,0,2020-02-16
Daerah Istimewa Yogyakarta,Bantul,Sewon,Desa A,Posyandu A,6371052437968731,6371059707262331,Anak 9,P,41,-7.8492232,110.3569299,Maret,0,2020-03-16
Daerah Istimewa Yogyakarta,Bantul,Sewon,Desa A,Posyandu A,6371052437968731,6371059707262331,Anak 9,P,41,-7.8492232,110.3569299,April,0,2020-04-16
Daerah Istimewa Yogyakarta,Bantul,Sewon,Desa A,Posyandu A,6371052437968731,6371059707262331,Anak 9,P,41,-7.8492232,110.3569299,Mei,0,2020-05-16
Daerah Istimewa Yogyakarta,Bantul,Sewon,Desa A,Posyandu A,6371052437968731,6371059707262331,Anak 9,P,41,-7.8492232,110.3569299,Juni,0,2020-06-16
Daerah Istimewa Yogyakarta,Bantul,Sewon,Desa A,Posyandu A,6371052437968731,6371059707262331,Anak 9,P,41,-7.8492232,110.3569299,Juli,0,2020-07-16
Daerah Istimewa Yogyakarta,Bantul,Sewon,Desa A,Posyandu A,6371052437968731,6371059707262331,Anak 9,P,41,-7.8492232,110.3569299,Agustus,0,2020-08-16
Daerah Istimewa Yogyakarta,Bantul,Sewon,Desa A,Posyandu A,6371052437968731,6371059707262331,Anak 9,P,41,-7.8492232,110.3569299,September,0,2020-09-16
Daerah Istimewa Yogyakarta,Bantul,Sewon,Desa A,Posyandu A,6371052437968731,6371059707262331,Anak 9,P,41,-7.8492232,110.3569299,Oktober,0,2020-10-16
Daerah Istimewa Yogyakarta,Bantul,Sewon,Desa A,Posyandu A,6371054164533051,6371056848608840,Anak 10,P,43,-7.8492232,110.3569299,Januari,0,2020-01-16
Daerah Istimewa Yogyakarta,Bantul,Sewon,Desa A,Posyandu A,6371054164533051,6371056848608840,Anak 10,P,43,-7.8492232,110.3569299,Februari,0,2020-02-16
Daerah Istimewa Yogyakarta,Bantul,Sewon,Desa A,Posyandu A,6371054164533051,6371056848608840,Anak 10,P,43,-7.8492232,110.3569299,Maret,0,2020-03-16
Daerah Istimewa Yogyakarta,Bantul,Sewon,Desa A,Posyandu A,6371054164533051,6371056848608840,Anak 10,P,43,-7.8492232,110.3569299,April,0,2020-04-16
Daerah Istimewa Yogyakarta,Bantul,Sewon,Desa A,Posyandu A,6371054164533051,6371056848608840,Anak 10,P,43,-7.8492232,110.3569299,Mei,1,2020-05-16
Daerah Istimewa Yogyakarta,Bantul,Sewon,Desa A,Posyandu A,6371054164533051,6371056848608840,Anak 10,P,43,-7.8492232,110.3569299,Juni,0,2020-06-16
Daerah Istimewa Yogyakarta,Bantul,Sewon,Desa A,Posyandu A,6371054164533051,6371056848608840,Anak 10,P,43,-7.8492232,110.3569299,Juli,0,2020-07-16
Daerah Istimewa Yogyakarta,Bantul,Sewon,Desa A,Posyandu A,6371054164533051,6371056848608840,Anak 10,P,43,-7.8492232,110.3569299,Agustus,0,2020-08-16
Daerah Istimewa Yogyakarta,Bantul,Sewon,Desa A,Posyandu A,6371054164533051,6371056848608840,Anak 10,P,43,-7.8492232,110.3569299,September,0,2020-09-16
Daerah Istimewa Yogyakarta,Bantul,Sewon,Desa A,Posyandu A,6371054164533051,6371056848608840,Anak 10,P,43,-7.8492232,110.3569299,Oktober,0,2020-10-16
Daerah Istimewa Yogyakarta,Bantul,Sewon,Desa A,Posyandu A,6371051132839376,6371058154604950,Anak 11,L,58,-7.8492232,110.3569299,Januari,0,2020-01-16
Daerah Istimewa Yogyakarta,Bantul,Sewon,Desa A,Posyandu A,6371051132839376,6371058154604950,Anak 11,L,58,-7.8492232,110.3569299,Februari,0,2020-02-16
Daerah Istimewa Yogyakarta,Bantul,Sewon,Desa A,Posyandu A,6371051132839376,6371058154604950,Anak 11,L,58,-7.8492232,110.3569299,Maret,0,2020-03-16
Daerah Istimewa Yogyakarta,Bantul,Sewon,Desa A,Posyandu A,6371051132839376,6371058154604950,Anak 11,L,58,-7.8492232,110.3569299,April,1,2020-04-16
Daerah Istimewa Yogyakarta,Bantul,Sewon,Desa A,Posyandu A,6371051132839376,6371058154604950,Anak 11,L,58,-7.8492232,110.3569299,Mei,1,2020-05-16
Daerah Istimewa Yogyakarta,Bantul,Sewon,Desa A,Posyandu A,6371051132839376,6371058154604950,Anak 11,L,58,-7.8492232,110.3569299,Juni,0,2020-06-16
Daerah Istimewa Yogyakarta,Bantul,Sewon,Desa A,Posyandu A,6371051132839376,6371058154604950,Anak 11,L,58,-7.8492232,110.3569299,Juli,0,2020-07-16
Daerah Istimewa Yogyakarta,Bantul,Sewon,Desa A,Posyandu A,6371051132839376,6371058154604950,Anak 11,L,58,-7.8492232,110.3569299,Agustus,0,2020-08-16
Daerah Istimewa Yogyakarta,Bantul,Sewon,Desa A,Posyandu A,6371051132839376,6371058154604950,Anak 11,L,58,-7.8492232,110.3569299,September,0,2020-09-16
Daerah Istimewa Yogyakarta,Bantul,Sewon,Desa A,Posyandu A,6371051132839376,6371058154604950,Anak 11,L,58,-7.8492232,110.3569299,Oktober,0,2020-10-16
Daerah Istimewa Yogyakarta,Bantul,Sewon,Desa A,Posyandu A,6371054277506029,6371054100978326,Anak 12,L,57,-7.8492232,110.3569299,Januari,0,2020-01-16
Daerah Istimewa Yogyakarta,Bantul,Sewon,Desa A,Posyandu A,6371054277506029,6371054100978326,Anak 12,L,57,-7.8492232,110.3569299,Februari,0,2020-02-16
Daerah Istimewa Yogyakarta,Bantul,Sewon,Desa A,Posyandu A,6371054277506029,6371054100978326,Anak 12,L,57,-7.8492232,110.3569299,Maret,0,2020-03-16
Daerah Istimewa Yogyakarta,Bantul,Sewon,Desa A,Posyandu A,6371054277506029,6371054100978326,Anak 12,L,57,-7.8492232,110.3569299,April,0,2020-04-16
Daerah Istimewa Yogyakarta,Bantul,Sewon,Desa A,Posyandu A,6371054277506029,6371054100978326,Anak 12,L,57,-7.8492232,110.3569299,Mei,0,2020-05-16
Daerah Istimewa Yogyakarta,Bantul,Sewon,Desa A,Posyandu A,6371054277506029,6371054100978326,Anak 12,L,57,-7.8492232,110.3569299,Juni,0,2020-06-16
Daerah Istimewa Yogyakarta,Bantul,Sewon,Desa A,Posyandu A,6371054277506029,6371054100978326,Anak 12,L,57,-7.8492232,110.3569299,Juli,1,2020-07-16
Daerah Istimewa Yogyakarta,Bantul,Sewon,Desa A,Posyandu A,6371054277506029,6371054100978326,Anak 12,L,57,-7.8492232,110.3569299,Agustus,0,2020-08-16
Daerah Istimewa Yogyakarta,Bantul,Sewon,Desa A,Posyandu A,6371054277506029,6371054100978326,Anak 12,L,57,-7.8492232,110.3569299,September,1,2020-09-16
Daerah Istimewa Yogyakarta,Bantul,Sewon,Desa A,Posyandu A,6371054277506029,6371054100978326,Anak 12,L,57,-7.8492232,110.3569299,Oktober,0,2020-10-16
Daerah Istimewa Yogyakarta,Bantul,Sewon,Desa B,Posyandu B,6371056988818236,6371053818726619,Anak 13,P,44,-7.8586278,110.3601032,Januari,0,2020-01-16
Daerah Istimewa Yogyakarta,Bantul,Sewon,Desa B,Posyandu B,6371056988818236,6371053818726619,Anak 13,P,44,-7.8586278,110.3601032,Februari,0,2020-02-16
Daerah Istimewa Yogyakarta,Bantul,Sewon,Desa B,Posyandu B,6371056988818236,6371053818726619,Anak 13,P,44,-7.8586278,110.3601032,Maret,0,2020-03-16
Daerah Istimewa Yogyakarta,Bantul,Sewon,Desa B,Posyandu B,6371056988818236,6371053818726619,Anak 13,P,44,-7.8586278,110.3601032,April,1,2020-04-16
Daerah Istimewa Yogyakarta,Bantul,Sewon,Desa B,Posyandu B,6371056988818236,6371053818726619,Anak 13,P,44,-7.8586278,110.3601032,Mei,1,2020-05-16
Daerah Istimewa Yogyakarta,Bantul,Sewon,Desa B,Posyandu B,6371056988818236,6371053818726619,Anak 13,P,44,-7.8586278,110.3601032,Juni,1,2020-06-16
Daerah Istimewa Yogyakarta,Bantul,Sewon,Desa B,Posyandu B,6371056988818236,6371053818726619,Anak 13,P,44,-7.8586278,110.3601032,Juli,0,2020-07-16
Daerah Istimewa Yogyakarta,Bantul,Sewon,Desa B,Posyandu B,6371056988818236,6371053818726619,Anak 13,P,44,-7.8586278,110.3601032,Agustus,0,2020-08-16
Daerah Istimewa Yogyakarta,Bantul,Sewon,Desa B,Posyandu B,6371056988818236,6371053818726619,Anak 13,P,44,-7.8586278,110.3601032,September,0,2020-09-16
Daerah Istimewa Yogyakarta,Bantul,Sewon,Desa B,Posyandu B,6371056988818236,6371053818726619,Anak 13,P,44,-7.8586278,110.3601032,Oktober,0,2020-10-16
Daerah Istimewa Yogyakarta,Bantul,Sewon,Desa B,Posyandu B,6371053125415570,6371055598352527,Anak 14,L,51,-7.8586278,110.3601032,Januari,0,2020-01-16
Daerah Istimewa Yogyakarta,Bantul,Sewon,Desa B,Posyandu B,6371053125415570,6371055598352527,Anak 14,L,51,-7.8586278,110.3601032,Februari,0,2020-02-16
Daerah Istimewa Yogyakarta,Bantul,Sewon,Desa B,Posyandu B,6371053125415570,6371055598352527,Anak 14,L,51,-7.8586278,110.3601032,Maret,0,2020-03-16
Daerah Istimewa Yogyakarta,Bantul,Sewon,Desa B,Posyandu B,6371053125415570,6371055598352527,Anak 14,L,51,-7.8586278,110.3601032,April,0,2020-04-16
Daerah Istimewa Yogyakarta,Bantul,Sewon,Desa B,Posyandu B,6371053125415570,6371055598352527,Anak 14,L,51,-7.8586278,110.3601032,Mei,0,2020-05-16
Daerah Istimewa Yogyakarta,Bantul,Sewon,Desa B,Posyandu B,6371053125415570,6371055598352527,Anak 14,L,51,-7.8586278,110.3601032,Juni,0,2020-06-16
Daerah Istimewa Yogyakarta,Bantul,Sewon,Desa B,Posyandu B,6371053125415570,6371055598352527,Anak 14,L,51,-7.8586278,110.3601032,Juli,0,2020-07-16
Daerah Istimewa Yogyakarta,Bantul,Sewon,Desa B,Posyandu B,6371053125415570,6371055598352527,Anak 14,L,51,-7.8586278,110.3601032,Agustus,0,2020-08-16
Daerah Istimewa Yogyakarta,Bantul,Sewon,Desa B,Posyandu B,6371053125415570,6371055598352527,Anak 14,L,51,-7.8586278,110.3601032,September,1,2020-09-16
Daerah Istimewa Yogyakarta,Bantul,Sewon,Desa B,Posyandu B,6371053125415570,6371055598352527,Anak 14,L,51,-7.8586278,110.3601032,Oktober,1,2020-10-16
Daerah Istimewa Yogyakarta,Bantul,Sewon,Desa B,Posyandu B,6371058601091777,6371059327998218,Anak 15,P,11,-7.8586278,110.3601032,Januari,0,2020-01-16
Daerah Istimewa Yogyakarta,Bantul,Sewon,Desa B,Posyandu B,6371058601091777,6371059327998218,Anak 15,P,11,-7.8586278,110.3601032,Februari,0,2020-02-16
Daerah Istimewa Yogyakarta,Bantul,Sewon,Desa B,Posyandu B,6371058601091777,6371059327998218,Anak 15,P,11,-7.8586278,110.3601032,Maret,1,2020-03-16
Daerah Istimewa Yogyakarta,Bantul,Sewon,Desa B,Posyandu B,6371058601091777,6371059327998218,Anak 15,P,11,-7.8586278,110.3601032,April,0,2020-04-16
Daerah Istimewa Yogyakarta,Bantul,Sewon,Desa B,Posyandu B,6371058601091777,6371059327998218,Anak 15,P,11,-7.8586278,110.3601032,Mei,0,2020-05-16
Daerah Istimewa Yogyakarta,Bantul,Sewon,Desa B,Posyandu B,6371058601091777,6371059327998218,Anak 15,P,11,-7.8586278,110.3601032,Juni,0,2020-06-16
Daerah Istimewa Yogyakarta,Bantul,Sewon,Desa B,Posyandu B,6371058601091777,6371059327998218,Anak 15,P,11,-7.8586278,110.3601032,Juli,0,2020-07-16
Daerah Istimewa Yogyakarta,Bantul,Sewon,Desa B,Posyandu B,6371058601091777,6371059327998218,Anak 15,P,11,-7.8586278,110.3601032,Agustus,0,2020-08-16
Daerah Istimewa Yogyakarta,Bantul,Sewon,Desa B,Posyandu B,6371058601091777,6371059327998218,Anak 15,P,11,-7.8586278,110.3601032,September,0,2020-09-16
Daerah Istimewa Yogyakarta,Bantul,Sewon,Desa B,Posyandu B,6371058601091777,6371059327998218,Anak 15,P,11,-7.8586278,110.3601032,Oktober,0,2020-10-16
Daerah Istimewa Yogyakarta,Bantul,Sewon,Desa B,Posyandu B,6371055362109185,6371052703858423,Anak 16,P,52,-7.8586278,110.3601032,Januari,1,2020-01-16
Daerah Istimewa Yogyakarta,Bantul,Sewon,Desa B,Posyandu B,6371055362109185,6371052703858423,Anak 16,P,52,-7.8586278,110.3601032,Februari,1,2020-02-16
Daerah Istimewa Yogyakarta,Bantul,Sewon,Desa B,Posyandu B,6371055362109185,6371052703858423,Anak 16,P,52,-7.8586278,110.3601032,Maret,0,2020-03-16
Daerah Istimewa Yogyakarta,Bantul,Sewon,Desa B,Posyandu B,6371055362109185,6371052703858423,Anak 16,P,52,-7.8586278,110.3601032,April,0,2020-04-16
Daerah Istimewa Yogyakarta,Bantul,Sewon,Desa B,Posyandu B,6371055362109185,6371052703858423,Anak 16,P,52,-7.8586278,110.3601032,Mei,0,2020-05-16
Daerah Istimewa Yogyakarta,Bantul,Sewon,Desa B,Posyandu B,6371055362109185,6371052703858423,Anak 16,P,52,-7.8586278,110.3601032,Juni,0,2020-06-16
Daerah Istimewa Yogyakarta,Bantul,Sewon,Desa B,Posyandu B,6371055362109185,6371052703858423,Anak 16,P,52,-7.8586278,110.3601032,Juli,0,2020-07-16
Daerah Istimewa Yogyakarta,Bantul,Sewon,Desa B,Posyandu B,6371055362109185,6371052703858423,Anak 16,P,52,-7.8586278,110.3601032,Agustus,1,2020-08-16
Daerah Istimewa Yogyakarta,Bantul,Sewon,Desa B,Posyandu B,6371055362109185,6371052703858423,Anak 16,P,52,-7.8586278,110.3601032,September,1,2020-09-16
Daerah Istimewa Yogyakarta,Bantul,Sewon,Desa B,Posyandu B,6371055362109185,6371052703858423,Anak 16,P,52,-7.8586278,110.3601032,Oktober,0,2020-10-16
Daerah Istimewa Yogyakarta,Bantul,Sewon,Desa B,Posyandu B,6371055495101263,6371053652477820,Anak 17,L,29,-7.8586278,110.3601032,Januari,0,2020-01-16
Daerah Istimewa Yogyakarta,Bantul,Sewon,Desa B,Posyandu B,6371055495101263,6371053652477820,Anak 17,L,29,-7.8586278,110.3601032,Februari,0,2020-02-16
Daerah Istimewa Yogyakarta,Bantul,Sewon,Desa B,Posyandu B,6371055495101263,6371053652477820,Anak 17,L,29,-7.8586278,110.3601032,Maret,0,2020-03-16
Daerah Istimewa Yogyakarta,Bantul,Sewon,Desa B,Posyandu B,6371055495101263,6371053652477820,Anak 17,L,29,-7.8586278,110.3601032,April,0,2020-04-16
Daerah Istimewa Yogyakarta,Bantul,Sewon,Desa B,Posyandu B,6371055495101263,6371053652477820,Anak 17,L,29,-7.8586278,110.3601032,Mei,0,2020-05-16
Daerah Istimewa Yogyakarta,Bantul,Sewon,Desa B,Posyandu B,6371055495101263,6371053652477820,Anak 17,L,29,-7.8586278,110.3601032,Juni,0,2020-06-16
Daerah Istimewa Yogyakarta,Bantul,Sewon,Desa B,Posyandu B,6371055495101263,6371053652477820,Anak 17,L,29,-7.8586278,110.3601032,Juli,0,2020-07-16
Daerah Istimewa Yogyakarta,Bantul,Sewon,Desa B,Posyandu B,6371055495101263,6371053652477820,Anak 17,L,29,-7.8586278,110.3601032,Agustus,0,2020-08-16
Daerah Istimewa Yogyakarta,Bantul,Sewon,Desa B,Posyandu B,6371055495101263,6371053652477820,Anak 17,L,29,-7.8586278,110.3601032,September,0,2020-09-16
Daerah Istimewa Yogyakarta,Bantul,Sewon,Desa B,Posyandu B,6371055495101263,6371053652477820,Anak 17,L,29,-7.8586278,110.3601032,Oktober,1,2020-10-16
Daerah Istimewa Yogyakarta,Bantul,Sewon,Desa B,Posyandu B,6371053079831938,6371055403268662,Anak 18,L,30,-7.8586278,110.3601032,Januari,0,2020-01-16
Daerah Istimewa Yogyakarta,Bantul,Sewon,Desa B,Posyandu B,6371053079831938,6371055403268662,Anak 18,L,30,-7.8586278,110.3601032,Februari,0,2020-02-16
Daerah Istimewa Yogyakarta,Bantul,Sewon,Desa B,Posyandu B,6371053079831938,6371055403268662,Anak 18,L,30,-7.8586278,110.3601032,Maret,0,2020-03-16
Daerah Istimewa Yogyakarta,Bantul,Sewon,Desa B,Posyandu B,6371053079831938,6371055403268662,Anak 18,L,30,-7.8586278,110.3601032,April,0,2020-04-16
Daerah Istimewa Yogyakarta,Bantul,Sewon,Desa B,Posyandu B,6371053079831938,6371055403268662,Anak 18,L,30,-7.8586278,110.3601032,Mei,0,2020-05-16
Daerah Istimewa Yogyakarta,Bantul,Sewon,Desa B,Posyandu B,6371053079831938,6371055403268662,Anak 18,L,30,-7.8586278,110.3601032,Juni,0,2020-06-16
Daerah Istimewa Yogyakarta,Bantul,Sewon,Desa B,Posyandu B,6371053079831938,6371055403268662,Anak 18,L,30,-7.8586278,110.3601032,Juli,0,2020-07-16
Daerah Istimewa Yogyakarta,Bantul,Sewon,Desa B,Posyandu B,6371053079831938,6371055403268662,Anak 18,L,30,-7.8586278,110.3601032,Agustus,0,2020-08-16
Daerah Istimewa Yogyakarta,Bantul,Sewon,Desa B,Posyandu B,6371053079831938,6371055403268662,Anak 18,L,30,-7.8586278,110.3601032,September,0,2020-09-16
Daerah Istimewa Yogyakarta,Bantul,Sewon,Desa B,Posyandu B,6371053079831938,6371055403268662,Anak 18,L,30,-7.8586278,110.3601032,Oktober,0,2020-10-16
Daerah Istimewa Yogyakarta,Bantul,Sewon,Desa B,Posyandu B,6371059633106901,6371055413316470,Anak 19,L,25,-7.8586278,110.3601032,Januari,1,2020-01-16
Daerah Istimewa Yogyakarta,Bantul,Sewon,Desa B,Posyandu B,6371059633106901,6371055413316470,Anak 19,L,25,-7.8586278,110.3601032,Februari,1,2020-02-16
Daerah Istimewa Yogyakarta,Bantul,Sewon,Desa B,Posyandu B,6371059633106901,6371055413316470,Anak 19,L,25,-7.8586278,110.3601032,Maret,1,2020-03-16
Daerah Istimewa Yogyakarta,Bantul,Sewon,Desa B,Posyandu B,6371059633106901,6371055413316470,Anak 19,L,25,-7.8586278,110.3601032,April,0,2020-04-16
Daerah Istimewa Yogyakarta,Bantul,Sewon,Desa B,Posyandu B,6371059633106901,6371055413316470,Anak 19,L,25,-7.8586278,110.3601032,Mei,1,2020-05-16
Daerah Istimewa Yogyakarta,Bantul,Sewon,Desa B,Posyandu B,6371059633106901,6371055413316470,Anak 19,L,25,-7.8586278,110.3601032,Juni,0,2020-06-16
Daerah Istimewa Yogyakarta,Bantul,Sewon,Desa B,Posyandu B,6371059633106901,6371055413316470,Anak 19,L,25,-7.8586278,110.3601032,Juli,0,2020-07-16
Daerah Istimewa Yogyakarta,Bantul,Sewon,Desa B,Posyandu B,6371059633106901,6371055413316470,Anak 19,L,25,-7.8586278,110.3601032,Agustus,0,2020-08-16
Daerah Istimewa Yogyakarta,Bantul,Sewon,Desa B,Posyandu B,6371059633106901,6371055413316470,Anak 19,L,25,-7.8586278,110.3601032,September,0,2020-09-16
Daerah Istimewa Yogyakarta,Bantul,Sewon,Desa B,Posyandu B,6371059633106901,6371055413316470,Anak 19,L,25,-7.8586278,110.3601032,Oktober,0,2020-10-16
Daerah Istimewa Yogyakarta,Bantul,Sewon,Desa B,Posyandu B,6371057144525298,6371054146893274,Anak 20,P,40,-7.8586278,110.3601032,Januari,0,2020-01-16
Daerah Istimewa Yogyakarta,Bantul,Sewon,Desa B,Posyandu B,6371057144525298,6371054146893274,Anak 20,P,40,-7.8586278,110.3601032,Februari,0,2020-02-16
Daerah Istimewa Yogyakarta,Bantul,Sewon,Desa B,Posyandu B,6371057144525298,6371054146893274,Anak 20,P,40,-7.8586278,110.3601032,Maret,0,2020-03-16
Daerah Istimewa Yogyakarta,Bantul,Sewon,Desa B,Posyandu B,6371057144525298,6371054146893274,Anak 20,P,40,-7.8586278,110.3601032,April,1,2020-04-16
Daerah Istimewa Yogyakarta,Bantul,Sewon,Desa B,Posyandu B,6371057144525298,6371054146893274,Anak 20,P,40,-7.8586278,110.3601032,Mei,1,2020-05-16
Daerah Istimewa Yogyakarta,Bantul,Sewon,Desa B,Posyandu B,6371057144525298,6371054146893274,Anak 20,P,40,-7.8586278,110.3601032,Juni,0,2020-06-16
Daerah Istimewa Yogyakarta,Bantul,Sewon,Desa B,Posyandu B,6371057144525298,6371054146893274,Anak 20,P,40,-7.8586278,110.3601032,Juli,0,2020-07-16
Daerah Istimewa Yogyakarta,Bantul,Sewon,Desa B,Posyandu B,6371057144525298,6371054146893274,Anak 20,P,40,-7.8586278,110.3601032,Agustus,0,2020-08-16
Daerah Istimewa Yogyakarta,Bantul,Sewon,Desa B,Posyandu B,6371057144525298,6371054146893274,Anak 20,P,40,-7.8586278,110.3601032,September,1,2020-09-16
Daerah Istimewa Yogyakarta,Bantul,Sewon,Desa B,Posyandu B,6371057144525298,6371054146893274,Anak 20,P,40,-7.8586278,110.3601032,Oktober,1,2020-10-16
Daerah Istimewa Yogyakarta,Bantul,Sewon,Desa B,Posyandu B,6371052706175206,6371052809991453,Anak 21,L,31,-7.8586278,110.3601032,Januari,0,2020-01-16
Daerah Istimewa Yogyakarta,Bantul,Sewon,Desa B,Posyandu B,6371052706175206,6371052809991453,Anak 21,L,31,-7.8586278,110.3601032,Februari,0,2020-02-16
Daerah Istimewa Yogyakarta,Bantul,Sewon,Desa B,Posyandu B,6371052706175206,6371052809991453,Anak 21,L,31,-7.8586278,110.3601032,Maret,0,2020-03-16
Daerah Istimewa Yogyakarta,Bantul,Sewon,Desa B,Posyandu B,6371052706175206,6371052809991453,Anak 21,L,31,-7.8586278,110.3601032,April,0,2020-04-16
Daerah Istimewa Yogyakarta,Bantul,Sewon,Desa B,Posyandu B,6371052706175206,6371052809991453,Anak 21,L,31,-7.8586278,110.3601032,Mei,0,2020-05-16
Daerah Istimewa Yogyakarta,Bantul,Sewon,Desa B,Posyandu B,6371052706175206,6371052809991453,Anak 21,L,31,-7.8586278,110.3601032,Juni,0,2020-06-16
Daerah Istimewa Yogyakarta,Bantul,Sewon,Desa B,Posyandu B,6371052706175206,6371052809991453,Anak 21,L,31,-7.8586278,110.3601032,Juli,0,2020-07-16
Daerah Istimewa Yogyakarta,Bantul,Sewon,Desa B,Posyandu B,6371052706175206,6371052809991453,Anak 21,L,31,-7.8586278,110.3601032,Agustus,0,2020-08-16
Daerah Istimewa Yogyakarta,Bantul,Sewon,Desa B,Posyandu B,6371052706175206,6371052809991453,Anak 21,L,31,-7.8586278,110.3601032,September,1,2020-09-16
Daerah Istimewa Yogyakarta,Bantul,Sewon,Desa B,Posyandu B,6371052706175206,6371052809991453,Anak 21,L,31,-7.8586278,110.3601032,Oktober,0,2020-10-16
Daerah Istimewa Yogyakarta,Bantul,Sewon,Desa B,Posyandu B,6371052507419883,6371059655131530,Anak 22,P,48,-7.8586278,110.3601032,Januari,0,2020-01-16
Daerah Istimewa Yogyakarta,Bantul,Sewon,Desa B,Posyandu B,6371052507419883,6371059655131530,Anak 22,P,48,-7.8586278,110.3601032,Februari,1,2020-02-16
Daerah Istimewa Yogyakarta,Bantul,Sewon,Desa B,Posyandu B,6371052507419883,6371059655131530,Anak 22,P,48,-7.8586278,110.3601032,Maret,0,2020-03-16
Daerah Istimewa Yogyakarta,Bantul,Sewon,Desa B,Posyandu B,6371052507419883,6371059655131530,Anak 22,P,48,-7.8586278,110.3601032,April,0,2020-04-16
Daerah Istimewa Yogyakarta,Bantul,Sewon,Desa B,Posyandu B,6371052507419883,6371059655131530,Anak 22,P,48,-7.8586278,110.3601032,Mei,0,2020-05-16
Daerah Istimewa Yogyakarta,Bantul,Sewon,Desa B,Posyandu B,6371052507419883,6371059655131530,Anak 22,P,48,-7.8586278,110.3601032,Juni,1,2020-06-16
Daerah Istimewa Yogyakarta,Bantul,Sewon,Desa B,Posyandu B,6371052507419883,6371059655131530,Anak 22,P,48,-7.8586278,110.3601032,Juli,0,2020-07-16
Daerah Istimewa Yogyakarta,Bantul,Sewon,Desa B,Posyandu B,6371052507419883,6371059655131530,Anak 22,P,48,-7.8586278,110.3601032,Agustus,0,2020-08-16
Daerah Istimewa Yogyakarta,Bantul,Sewon,Desa B,Posyandu B,6371052507419883,6371059655131530,Anak 22,P,48,-7.8586278,110.3601032,September,1,2020-09-16
Daerah Istimewa Yogyakarta,Bantul,Sewon,Desa B,Posyandu B,6371052507419883,6371059655131530,Anak 22,P,48,-7.8586278,110.3601032,Oktober,1,2020-10-16
Daerah Istimewa Yogyakarta,Bantul,Sewon,Desa B,Posyandu B,6371051900476267,6371058440666951,Anak 23,L,30,-7.8586278,110.3601032,Januari,1,2020-01-16
Daerah Istimewa Yogyakarta,Bantul,Sewon,Desa B,Posyandu B,6371051900476267,6371058440666951,Anak 23,L,30,-7.8586278,110.3601032,Februari,0,2020-02-16
Daerah Istimewa Yogyakarta,Bantul,Sewon,Desa B,Posyandu B,6371051900476267,6371058440666951,Anak 23,L,30,-7.8586278,110.3601032,Maret,0,2020-03-16
Daerah Istimewa Yogyakarta,Bantul,Sewon,Desa B,Posyandu B,6371051900476267,6371058440666951,Anak 23,L,30,-7.8586278,110.3601032,April,0,2020-04-16
Daerah Istimewa Yogyakarta,Bantul,Sewon,Desa B,Posyandu B,6371051900476267,6371058440666951,Anak 23,L,30,-7.8586278,110.3601032,Mei,0,2020-05-16
Daerah Istimewa Yogyakarta,Bantul,Sewon,Desa B,Posyandu B,6371051900476267,6371058440666951,Anak 23,L,30,-7.8586278,110.3601032,Juni,0,2020-06-16
Daerah Istimewa Yogyakarta,Bantul,Sewon,Desa B,Posyandu B,6371051900476267,6371058440666951,Anak 23,L,30,-7.8586278,110.3601032,Juli,1,2020-07-16
Daerah Istimewa Yogyakarta,Bantul,Sewon,Desa B,Posyandu B,6371051900476267,6371058440666951,Anak 23,L,30,-7.8586278,110.3601032,Agustus,1,2020-08-16
Daerah Istimewa Yogyakarta,Bantul,Sewon,Desa B,Posyandu B,6371051900476267,6371058440666951,Anak 23,L,30,-7.8586278,110.3601032,September,0,2020-09-16
Daerah Istimewa Yogyakarta,Bantul,Sewon,Desa B,Posyandu B,6371051900476267,6371058440666951,Anak 23,L,30,-7.8586278,110.3601032,Oktober,0,2020-10-16
Daerah Istimewa Yogyakarta,Bantul,Sewon,Desa B,Posyandu B,6371056039803297,6371052337694692,Anak 24,L,55,-7.8586278,110.3601032,Januari,0,2020-01-16
Daerah Istimewa Yogyakarta,Bantul,Sewon,Desa B,Posyandu B,6371056039803297,6371052337694692,Anak 24,L,55,-7.8586278,110.3601032,Februari,0,2020-02-16
Daerah Istimewa Yogyakarta,Bantul,Sewon,Desa B,Posyandu B,6371056039803297,6371052337694692,Anak 24,L,55,-7.8586278,110.3601032,Maret,0,2020-03-16
Daerah Istimewa Yogyakarta,Bantul,Sewon,Desa B,Posyandu B,6371056039803297,6371052337694692,Anak 24,L,55,-7.8586278,110.3601032,April,0,2020-04-16
Daerah Istimewa Yogyakarta,Bantul,Sewon,Desa B,Posyandu B,6371056039803297,6371052337694692,Anak 24,L,55,-7.8586278,110.3601032,Mei,0,2020-05-16
Daerah Istimewa Yogyakarta,Bantul,Sewon,Desa B,Posyandu B,6371056039803297,6371052337694692,Anak 24,L,55,-7.8586278,110.3601032,Juni,0,2020-06-16
Daerah Istimewa Yogyakarta,Bantul,Sewon,Desa B,Posyandu B,6371056039803297,6371052337694692,Anak 24,L,55,-7.8586278,110.3601032,Juli,0,2020-07-16
Daerah Istimewa Yogyakarta,Bantul,Sewon,Desa B,Posyandu B,6371056039803297,6371052337694692,Anak 24,L,55,-7.8586278,110.3601032,Agustus,1,2020-08-16
Daerah Istimewa Yogyakarta,Bantul,Sewon,Desa B,Posyandu B,6371056039803297,6371052337694692,Anak 24,L,55,-7.8586278,110.3601032,September,1,2020-09-16
Daerah Istimewa Yogyakarta,Bantul,Sewon,Desa B,Posyandu B,6371056039803297,6371052337694692,Anak 24,L,55,-7.8586278,110.3601032,Oktober,1,2020-10-16
Daerah Istimewa Yogyakarta,Bantul,Sewon,Desa C,Posyandu C,6371056820155123,6371051922668380,Anak 25,P,46,-7.8793371,110.3577614,Januari,0,2020-01-16
Daerah Istimewa Yogyakarta,Bantul,Sewon,Desa C,Posyandu C,6371056820155123,6371051922668380,Anak 25,P,46,-7.8793371,110.3577614,Februari,0,2020-02-16
Daerah Istimewa Yogyakarta,Bantul,Sewon,Desa C,Posyandu C,6371056820155123,6371051922668380,Anak 25,P,46,-7.8793371,110.3577614,Maret,0,2020-03-16
Daerah Istimewa Yogyakarta,Bantul,Sewon,Desa C,Posyandu C,6371056820155123,6371051922668380,Anak 25,P,46,-7.8793371,110.3577614,April,0,2020-04-16
Daerah Istimewa Yogyakarta,Bantul,Sewon,Desa C,Posyandu C,6371056820155123,6371051922668380,Anak 25,P,46,-7.8793371,110.3577614,Mei,0,2020-05-16
Daerah Istimewa Yogyakarta,Bantul,Sewon,Desa C,Posyandu C,6371056820155123,6371051922668380,Anak 25,P,46,-7.8793371,110.3577614,Juni,0,2020-06-16
Daerah Istimewa Yogyakarta,Bantul,Sewon,Desa C,Posyandu C,6371056820155123,6371051922668380,Anak 25,P,46,-7.8793371,110.3577614,Juli,0,2020-07-16
Daerah Istimewa Yogyakarta,Bantul,Sewon,Desa C,Posyandu C,6371056820155123,6371051922668380,Anak 25,P,46,-7.8793371,110.3577614,Agustus,0,2020-08-16
Daerah Istimewa Yogyakarta,Bantul,Sewon,Desa C,Posyandu C,6371056820155123,6371051922668380,Anak 25,P,46,-7.8793371,110.3577614,September,0,2020-09-16
Daerah Istimewa Yogyakarta,Bantul,Sewon,Desa C,Posyandu C,6371056820155123,6371051922668380,Anak 25,P,46,-7.8793371,110.3577614,Oktober,0,2020-10-16
Daerah Istimewa Yogyakarta,Bantul,Sewon,Desa C,Posyandu C,6371051104324614,6371052426437849,Anak 26,P,5,-7.8793371,110.3577614,Januari,0,2020-01-16
Daerah Istimewa Yogyakarta,Bantul,Sewon,Desa C,Posyandu C,6371051104324614,6371052426437849,Anak 26,P,5,-7.8793371,110.3577614,Februari,0,2020-02-16
Daerah Istimewa Yogyakarta,Bantul,Sewon,Desa C,Posyandu C,6371051104324614,6371052426437849,Anak 26,P,5,-7.8793371,110.3577614,Maret,1,2020-03-16
Daerah Istimewa Yogyakarta,Bantul,Sewon,Desa C,Posyandu C,6371051104324614,6371052426437849,Anak 26,P,5,-7.8793371,110.3577614,April,0,2020-04-16
Daerah Istimewa Yogyakarta,Bantul,Sewon,Desa C,Posyandu C,6371051104324614,6371052426437849,Anak 26,P,5,-7.8793371,110.3577614,Mei,0,2020-05-16
Daerah Istimewa Yogyakarta,Bantul,Sewon,Desa C,Posyandu C,6371051104324614,6371052426437849,Anak 26,P,5,-7.8793371,110.3577614,Juni,0,2020-06-16
Daerah Istimewa Yogyakarta,Bantul,Sewon,Desa C,Posyandu C,6371051104324614,6371052426437849,Anak 26,P,5,-7.8793371,110.3577614,Juli,0,2020-07-16
Daerah Istimewa Yogyakarta,Bantul,Sewon,Desa C,Posyandu C,6371051104324614,6371052426437849,Anak 26,P,5,-7.8793371,110.3577614,Agustus,0,2020-08-16
Daerah Istimewa Yogyakarta,Bantul,Sewon,Desa C,Posyandu C,6371051104324614,6371052426437849,Anak 26,P,5,-7.8793371,110.3577614,September,0,2020-09-16
Daerah Istimewa Yogyakarta,Bantul,Sewon,Desa C,Posyandu C,6371051104324614,6371052426437849,Anak 26,P,5,-7.8793371,110.3577614,Oktober,0,2020-10-16
Daerah Istimewa Yogyakarta,Bantul,Sewon,Desa C,Posyandu C,6371058233014466,6371052891477008,Anak 27,P,18,-7.8793371,110.3577614,Januari,0,2020-01-16
Daerah Istimewa Yogyakarta,Bantul,Sewon,Desa C,Posyandu C,6371058233014466,6371052891477008,Anak 27,P,18,-7.8793371,110.3577614,Februari,0,2020-02-16
Daerah Istimewa Yogyakarta,Bantul,Sewon,Desa C,Posyandu C,6371058233014466,6371052891477008,Anak 27,P,18,-7.8793371,110.3577614,Maret,0,2020-03-16
Daerah Istimewa Yogyakarta,Bantul,Sewon,Desa C,Posyandu C,6371058233014466,6371052891477008,Anak 27,P,18,-7.8793371,110.3577614,April,0,2020-04-16
Daerah Istimewa Yogyakarta,Bantul,Sewon,Desa C,Posyandu C,6371058233014466,6371052891477008,Anak 27,P,18,-7.8793371,110.3577614,Mei,0,2020-05-16
Daerah Istimewa Yogyakarta,Bantul,Sewon,Desa C,Posyandu C,6371058233014466,6371052891477008,Anak 27,P,18,-7.8793371,110.3577614,Juni,0,2020-06-16
Daerah Istimewa Yogyakarta,Bantul,Sewon,Desa C,Posyandu C,6371058233014466,6371052891477008,Anak 27,P,18,-7.8793371,110.3577614,Juli,1,2020-07-16
Daerah Istimewa Yogyakarta,Bantul,Sewon,Desa C,Posyandu C,6371058233014466,6371052891477008,Anak 27,P,18,-7.8793371,110.3577614,Agustus,0,2020-08-16
Daerah Istimewa Yogyakarta,Bantul,Sewon,Desa C,Posyandu C,6371058233014466,6371052891477008,Anak 27,P,18,-7.8793371,110.3577614,September,0,2020-09-16
Daerah Istimewa Yogyakarta,Bantul,Sewon,Desa C,Posyandu C,6371058233014466,6371052891477008,Anak 27,P,18,-7.8793371,110.3577614,Oktober,0,2020-10-16
Daerah Istimewa Yogyakarta,Bantul,Sewon,Desa C,Posyandu C,6371056886491158,6371059400199169,Anak 28,P,34,-7.8793371,110.3577614,Januari,0,2020-01-16
Daerah Istimewa Yogyakarta,Bantul,Sewon,Desa C,Posyandu C,6371056886491158,6371059400199169,Anak 28,P,34,-7.8793371,110.3577614,Februari,0,2020-02-16
Daerah Istimewa Yogyakarta,Bantul,Sewon,Desa C,Posyandu C,6371056886491158,6371059400199169,Anak 28,P,34,-7.8793371,110.3577614,Maret,0,2020-03-16
Daerah Istimewa Yogyakarta,Bantul,Sewon,Desa C,Posyandu C,6371056886491158,6371059400199169,Anak 28,P,34,-7.8793371,110.3577614,April,0,2020-04-16
Daerah Istimewa Yogyakarta,Bantul,Sewon,Desa C,Posyandu C,6371056886491158,6371059400199169,Anak 28,P,34,-7.8793371,110.3577614,Mei,0,2020-05-16
Daerah Istimewa Yogyakarta,Bantul,Sewon,Desa C,Posyandu C,6371056886491158,6371059400199169,Anak 28,P,34,-7.8793371,110.3577614,Juni,0,2020-06-16
Daerah Istimewa Yogyakarta,Bantul,Sewon,Desa C,Posyandu C,6371056886491158,6371059400199169,Anak 28,P,34,-7.8793371,110.3577614,Juli,0,2020-07-16
Daerah Istimewa Yogyakarta,Bantul,Sewon,Desa C,Posyandu C,6371056886491158,6371059400199169,Anak 28,P,34,-7.8793371,110.3577614,Agustus,0,2020-08-16
Daerah Istimewa Yogyakarta,Bantul,Sewon,Desa C,Posyandu C,6371056886491158,6371059400199169,Anak 28,P,34,-7.8793371,110.3577614,September,0,2020-09-16
Daerah Istimewa Yogyakarta,Bantul,Sewon,Desa C,Posyandu C,6371056886491158,6371059400199169,Anak 28,P,34,-7.8793371,110.3577614,Oktober,0,2020-10-16
Daerah Istimewa Yogyakarta,Bantul,Sewon,Desa C,Posyandu C,6371058407319548,6371054079642969,Anak 29,L,16,-7.8793371,110.3577614,Januari,1,2020-01-16
Daerah Istimewa Yogyakarta,Bantul,Sewon,Desa C,Posyandu C,6371058407319548,6371054079642969,Anak 29,L,16,-7.8793371,110.3577614,Februari,1,2020-02-16
Daerah Istimewa Yogyakarta,Bantul,Sewon,Desa C,Posyandu C,6371058407319548,6371054079642969,Anak 29,L,16,-7.8793371,110.3577614,Maret,0,2020-03-16
Daerah Istimewa Yogyakarta,Bantul,Sewon,Desa C,Posyandu C,6371058407319548,6371054079642969,Anak 29,L,16,-7.8793371,110.3577614,April,0,2020-04-16
Daerah Istimewa Yogyakarta,Bantul,Sewon,Desa C,Posyandu C,6371058407319548,6371054079642969,Anak 29,L,16,-7.8793371,110.3577614,Mei,1,2020-05-16
Daerah Istimewa Yogyakarta,Bantul,Sewon,Desa C,Posyandu C,6371058407319548,6371054079642969,Anak 29,L,16,-7.8793371,110.3577614,Juni,1,2020-06-16
Daerah Istimewa Yogyakarta,Bantul,Sewon,Desa C,Posyandu C,6371058407319548,6371054079642969,Anak 29,L,16,-7.8793371,110.3577614,Juli,1,2020-07-16
Daerah Istimewa Yogyakarta,Bantul,Sewon,Desa C,Posyandu C,6371058407319548,6371054079642969,Anak 29,L,16,-7.8793371,110.3577614,Agustus,1,2020-08-16
Daerah Istimewa Yogyakarta,Bantul,Sewon,Desa C,Posyandu C,6371058407319548,6371054079642969,Anak 29,L,16,-7.8793371,110.3577614,September,0,2020-09-16
Daerah Istimewa Yogyakarta,Bantul,Sewon,Desa C,Posyandu C,6371058407319548,6371054079642969,Anak 29,L,16,-7.8793371,110.3577614,Oktober,0,2020-10-16
Daerah Istimewa Yogyakarta,Bantul,Sewon,Desa C,Posyandu C,6371052988969429,6371055914426956,Anak 30,P,43,-7.8793371,110.3577614,Januari,0,2020-01-16
Daerah Istimewa Yogyakarta,Bantul,Sewon,Desa C,Posyandu C,6371052988969429,6371055914426956,Anak 30,P,43,-7.8793371,110.3577614,Februari,0,2020-02-16
Daerah Istimewa Yogyakarta,Bantul,Sewon,Desa C,Posyandu C,6371052988969429,6371055914426956,Anak 30,P,43,-7.8793371,110.3577614,Maret,0,2020-03-16
Daerah Istimewa Yogyakarta,Bantul,Sewon,Desa C,Posyandu C,6371052988969429,6371055914426956,Anak 30,P,43,-7.8793371,110.3577614,April,1,2020-04-16
Daerah Istimewa Yogyakarta,Bantul,Sewon,Desa C,Posyandu C,6371052988969429,6371055914426956,Anak 30,P,43,-7.8793371,110.3577614,Mei,0,2020-05-16
Daerah Istimewa Yogyakarta,Bantul,Sewon,Desa C,Posyandu C,6371052988969429,6371055914426956,Anak 30,P,43,-7.8793371,110.3577614,Juni,0,2020-06-16
Daerah Istimewa Yogyakarta,Bantul,Sewon,Desa C,Posyandu C,6371052988969429,6371055914426956,Anak 30,P,43,-7.8793371,110.3577614,Juli,0,2020-07-16
Daerah Istimewa Yogyakarta,Bantul,Sewon,Desa C,Posyandu C,6371052988969429,6371055914426956,Anak 30,P,43,-7.8793371,110.3577614,Agustus,0,2020-08-16
Daerah Istimewa Yogyakarta,Bantul,Sewon,Desa C,Posyandu C,6371052988969429,6371055914426956,Anak 30,P,43,-7.8793371,110.3577614,September,0,2020-09-16
Daerah Istimewa Yogyakarta,Bantul,Sewon,Desa C,Posyandu C,6371052988969429,6371055914426956,Anak 30,P,43,-7.8793371,110.3577614,Oktober,0,2020-10-16
Daerah Istimewa Yogyakarta,Bantul,Sewon,Desa C,Posyandu C,6371059887998393,6371059542687565,Anak 31,L,47,-7.8793371,110.3577614,Januari,0,2020-01-16
Daerah Istimewa Yogyakarta,Bantul,Sewon,Desa C,Posyandu C,6371059887998393,6371059542687565,Anak 31,L,47,-7.8793371,110.3577614,Februari,0,2020-02-16
Daerah Istimewa Yogyakarta,Bantul,Sewon,Desa C,Posyandu C,6371059887998393,6371059542687565,Anak 31,L,47,-7.8793371,110.3577614,Maret,0,2020-03-16
Daerah Istimewa Yogyakarta,Bantul,Sewon,Desa C,Posyandu C,6371059887998393,6371059542687565,Anak 31,L,47,-7.8793371,110.3577614,April,0,2020-04-16
Daerah Istimewa Yogyakarta,Bantul,Sewon,Desa C,Posyandu C,6371059887998393,6371059542687565,Anak 31,L,47,-7.8793371,110.3577614,Mei,1,2020-05-16
Daerah Istimewa Yogyakarta,Bantul,Sewon,Desa C,Posyandu C,6371059887998393,6371059542687565,Anak 31,L,47,-7.8793371,110.3577614,Juni,1,2020-06-16
Daerah Istimewa Yogyakarta,Bantul,Sewon,Desa C,Posyandu C,6371059887998393,6371059542687565,Anak 31,L,47,-7.8793371,110.3577614,Juli,1,2020-07-16
Daerah Istimewa Yogyakarta,Bantul,Sewon,Desa C,Posyandu C,6371059887998393,6371059542687565,Anak 31,L,47,-7.8793371,110.3577614,Agustus,0,2020-08-16
Daerah Istimewa Yogyakarta,Bantul,Sewon,Desa C,Posyandu C,6371059887998393,6371059542687565,Anak 31,L,47,-7.8793371,110.3577614,September,0,2020-09-16
Daerah Istimewa Yogyakarta,Bantul,Sewon,Desa C,Posyandu C,6371059887998393,6371059542687565,Anak 31,L,47,-7.8793371,110.3577614,Oktober,0,2020-10-16
Daerah Istimewa Yogyakarta,Bantul,Sewon,Desa C,Posyandu C,6371056091122986,6371052262241883,Anak 32,P,22,-7.8793371,110.3577614,Januari,0,2020-01-16
Daerah Istimewa Yogyakarta,Bantul,Sewon,Desa C,Posyandu C,6371056091122986,6371052262241883,Anak 32,P,22,-7.8793371,110.3577614,Februari,0,2020-02-16
Daerah Istimewa Yogyakarta,Bantul,Sewon,Desa C,Posyandu C,6371056091122986,6371052262241883,Anak 32,P,22,-7.8793371,110.3577614,Maret,1,2020-03-16
Daerah Istimewa Yogyakarta,Bantul,Sewon,Desa C,Posyandu C,6371056091122986,6371052262241883,Anak 32,P,22,-7.8793371,110.3577614,April,1,2020-04-16
Daerah Istimewa Yogyakarta,Bantul,Sewon,Desa C,Posyandu C,6371056091122986,6371052262241883,Anak 32,P,22,-7.8793371,110.3577614,Mei,0,2020-05-16
Daerah Istimewa Yogyakarta,Bantul,Sewon,Desa C,Posyandu C,6371056091122986,6371052262241883,Anak 32,P,22,-7.8793371,110.3577614,Juni,0,2020-06-16
Daerah Istimewa Yogyakarta,Bantul,Sewon,Desa C,Posyandu C,6371056091122986,6371052262241883,Anak 32,P,22,-7.8793371,110.3577614,Juli,1,2020-07-16
Daerah Istimewa Yogyakarta,Bantul,Sewon,Desa C,Posyandu C,6371056091122986,6371052262241883,Anak 32,P,22,-7.8793371,110.3577614,Agustus,1,2020-08-16
Daerah Istimewa Yogyakarta,Bantul,Sewon,Desa C,Posyandu C,6371056091122986,6371052262241883,Anak 32,P,22,-7.8793371,110.3577614,September,1,2020-09-16
Daerah Istimewa Yogyakarta,Bantul,Sewon,Desa C,Posyandu C,6371056091122986,6371052262241883,Anak 32,P,22,-7.8793371,110.3577614,Oktober,1,2020-10-16
Daerah Istimewa Yogyakarta,Bantul,Sewon,Desa C,Posyandu C,6371052455468676,6371057620347544,Anak 33,P,27,-7.8793371,110.3577614,Januari,0,2020-01-16
Daerah Istimewa Yogyakarta,Bantul,Sewon,Desa C,Posyandu C,6371052455468676,6371057620347544,Anak 33,P,27,-7.8793371,110.3577614,Februari,1,2020-02-16
Daerah Istimewa Yogyakarta,Bantul,Sewon,Desa C,Posyandu C,6371052455468676,6371057620347544,Anak 33,P,27,-7.8793371,110.3577614,Maret,1,2020-03-16
Daerah Istimewa Yogyakarta,Bantul,Sewon,Desa C,Posyandu C,6371052455468676,6371057620347544,Anak 33,P,27,-7.8793371,110.3577614,April,1,2020-04-16
Daerah Istimewa Yogyakarta,Bantul,Sewon,Desa C,Posyandu C,6371052455468676,6371057620347544,Anak 33,P,27,-7.8793371,110.3577614,Mei,1,2020-05-16
Daerah Istimewa Yogyakarta,Bantul,Sewon,Desa C,Posyandu C,6371052455468676,6371057620347544,Anak 33,P,27,-7.8793371,110.3577614,Juni,0,2020-06-16
Daerah Istimewa Yogyakarta,Bantul,Sewon,Desa C,Posyandu C,6371052455468676,6371057620347544,Anak 33,P,27,-7.8793371,110.3577614,Juli,0,2020-07-16
Daerah Istimewa Yogyakarta,Bantul,Sewon,Desa C,Posyandu C,6371052455468676,6371057620347544,Anak 33,P,27,-7.8793371,110.3577614,Agustus,0,2020-08-16
Daerah Istimewa Yogyakarta,Bantul,Sewon,Desa C,Posyandu C,6371052455468676,6371057620347544,Anak 33,P,27,-7.8793371,110.3577614,September,0,2020-09-16
Daerah Istimewa Yogyakarta,Bantul,Sewon,Desa C,Posyandu C,6371052455468676,6371057620347544,Anak 33,P,27,-7.8793371,110.3577614,Oktober,0,2020-10-16
Daerah Istimewa Yogyakarta,Bantul,Sewon,Desa C,Posyandu C,6371056518935082,6371051862937373,Anak 34,L,11,-7.8793371,110.3577614,Januari,0,2020-01-16
Daerah Istimewa Yogyakarta,Bantul,Sewon,Desa C,Posyandu C,6371056518935082,6371051862937373,Anak 34,L,11,-7.8793371,110.3577614,Februari,0,2020-02-16
Daerah Istimewa Yogyakarta,Bantul,Sewon,Desa C,Posyandu C,6371056518935082,6371051862937373,Anak 34,L,11,-7.8793371,110.3577614,Maret,0,2020-03-16
Daerah Istimewa Yogyakarta,Bantul,Sewon,Desa C,Posyandu C,6371056518935082,6371051862937373,Anak 34,L,11,-7.8793371,110.3577614,April,0,2020-04-16
Daerah Istimewa Yogyakarta,Bantul,Sewon,Desa C,Posyandu C,6371056518935082,6371051862937373,Anak 34,L,11,-7.8793371,110.3577614,Mei,0,2020-05-16
Daerah Istimewa Yogyakarta,Bantul,Sewon,Desa C,Posyandu C,6371056518935082,6371051862937373,Anak 34,L,11,-7.8793371,110.3577614,Juni,0,2020-06-16
Daerah Istimewa Yogyakarta,Bantul,Sewon,Desa C,Posyandu C,6371056518935082,6371051862937373,Anak 34,L,11,-7.8793371,110.3577614,Juli,0,2020-07-16
Daerah Istimewa Yogyakarta,Bantul,Sewon,Desa C,Posyandu C,6371056518935082,6371051862937373,Anak 34,L,11,-7.8793371,110.3577614,Agustus,0,2020-08-16
Daerah Istimewa Yogyakarta,Bantul,Sewon,Desa C,Posyandu C,6371056518935082,6371051862937373,Anak 34,L,11,-7.8793371,110.3577614,September,0,2020-09-16
Daerah Istimewa Yogyakarta,Bantul,Sewon,Desa C,Posyandu C,6371056518935082,6371051862937373,Anak 34,L,11,-7.8793371,110.3577614,Oktober,0,2020-10-16
Sulawesi Selatan,Maros,Maros Baru,Desa D,Posyandu D,6371053769738002,6371051038253757,Anak 35,L,20,-4.9944885,119.5058866,Januari,1,2020-01-16
Sulawesi Selatan,Maros,Maros Baru,Desa D,Posyandu D,6371053769738002,6371051038253757,Anak 35,L,20,-4.9944885,119.5058866,Februari,0,2020-02-16
Sulawesi Selatan,Maros,Maros Baru,Desa D,Posyandu D,6371053769738002,6371051038253757,Anak 35,L,20,-4.9944885,119.5058866,Maret,1,2020-03-16
Sulawesi Selatan,Maros,Maros Baru,Desa D,Posyandu D,6371053769738002,6371051038253757,Anak 35,L,20,-4.9944885,119.5058866,April,1,2020-04-16
Sulawesi Selatan,Maros,Maros Baru,Desa D,Posyandu D,6371053769738002,6371051038253757,Anak 35,L,20,-4.9944885,119.5058866,Mei,0,2020-05-16
Sulawesi Selatan,Maros,Maros Baru,Desa D,Posyandu D,6371053769738002,6371051038253757,Anak 35,L,20,-4.9944885,119.5058866,Juni,0,2020-06-16
Sulawesi Selatan,Maros,Maros Baru,Desa D,Posyandu D,6371053769738002,6371051038253757,Anak 35,L,20,-4.9944885,119.5058866,Juli,0,2020-07-16
Sulawesi Selatan,Maros,Maros Baru,Desa D,Posyandu D,6371053769738002,6371051038253757,Anak 35,L,20,-4.9944885,119.5058866,Agustus,1,2020-08-16
Sulawesi Selatan,Maros,Maros Baru,Desa D,Posyandu D,6371053769738002,6371051038253757,Anak 35,L,20,-4.9944885,119.5058866,September,0,2020-09-16
Sulawesi Selatan,Maros,Maros Baru,Desa D,Posyandu D,6371053769738002,6371051038253757,Anak 35,L,20,-4.9944885,119.5058866,Oktober,1,2020-10-16
Sulawesi Selatan,Maros,Maros Baru,Desa D,Posyandu D,6371052699705423,6371055911431356,Anak 36,L,11,-4.9944885,119.5058866,Januari,0,2020-01-16
Sulawesi Selatan,Maros,Maros Baru,Desa D,Posyandu D,6371052699705423,6371055911431356,Anak 36,L,11,-4.9944885,119.5058866,Februari,0,2020-02-16
Sulawesi Selatan,Maros,Maros Baru,Desa D,Posyandu D,6371052699705423,6371055911431356,Anak 36,L,11,-4.9944885,119.5058866,Maret,0,2020-03-16
Sulawesi Selatan,Maros,Maros Baru,Desa D,Posyandu D,6371052699705423,6371055911431356,Anak 36,L,11,-4.9944885,119.5058866,April,0,2020-04-16
Sulawesi Selatan,Maros,Maros Baru,Desa D,Posyandu D,6371052699705423,6371055911431356,Anak 36,L,11,-4.9944885,119.5058866,Mei,0,2020-05-16
Sulawesi Selatan,Maros,Maros Baru,Desa D,Posyandu D,6371052699705423,6371055911431356,Anak 36,L,11,-4.9944885,119.5058866,Juni,0,2020-06-16
Sulawesi Selatan,Maros,Maros Baru,Desa D,Posyandu D,6371052699705423,6371055911431356,Anak 36,L,11,-4.9944885,119.5058866,Juli,0,2020-07-16
Sulawesi Selatan,Maros,Maros Baru,Desa D,Posyandu D,6371052699705423,6371055911431356,Anak 36,L,11,-4.9944885,119.5058866,Agustus,0,2020-08-16
Sulawesi Selatan,Maros,Maros Baru,Desa D,Posyandu D,6371052699705423,6371055911431356,Anak 36,L,11,-4.9944885,119.5058866,September,0,2020-09-16
Sulawesi Selatan,Maros,Maros Baru,Desa D,Posyandu D,6371052699705423,6371055911431356,Anak 36,L,11,-4.9944885,119.5058866,Oktober,0,2020-10-16
Sulawesi Selatan,Maros,Maros Baru,Desa D,Posyandu D,6371055156417943,6371058763861669,Anak 37,L,13,-4.9944885,119.5058866,Januari,0,2020-01-16
Sulawesi Selatan,Maros,Maros Baru,Desa D,Posyandu D,6371055156417943,6371058763861669,Anak 37,L,13,-4.9944885,119.5058866,Februari,0,2020-02-16
Sulawesi Selatan,Maros,Maros Baru,Desa D,Posyandu D,6371055156417943,6371058763861669,Anak 37,L,13,-4.9944885,119.5058866,Maret,1,2020-03-16
Sulawesi Selatan,Maros,Maros Baru,Desa D,Posyandu D,6371055156417943,6371058763861669,Anak 37,L,13,-4.9944885,119.5058866,April,1,2020-04-16
Sulawesi Selatan,Maros,Maros Baru,Desa D,Posyandu D,6371055156417943,6371058763861669,Anak 37,L,13,-4.9944885,119.5058866,Mei,0,2020-05-16
Sulawesi Selatan,Maros,Maros Baru,Desa D,Posyandu D,6371055156417943,6371058763861669,Anak 37,L,13,-4.9944885,119.5058866,Juni,0,2020-06-16
Sulawesi Selatan,Maros,Maros Baru,Desa D,Posyandu D,6371055156417943,6371058763861669,Anak 37,L,13,-4.9944885,119.5058866,Juli,0,2020-07-16
Sulawesi Selatan,Maros,Maros Baru,Desa D,Posyandu D,6371055156417943,6371058763861669,Anak 37,L,13,-4.9944885,119.5058866,Agustus,0,2020-08-16
Sulawesi Selatan,Maros,Maros Baru,Desa D,Posyandu D,6371055156417943,6371058763861669,Anak 37,L,13,-4.9944885,119.5058866,September,0,2020-09-16
Sulawesi Selatan,Maros,Maros Baru,Desa D,Posyandu D,6371055156417943,6371058763861669,Anak 37,L,13,-4.9944885,119.5058866,Oktober,0,2020-10-16
Sulawesi Selatan,Maros,Maros Baru,Desa D,Posyandu D,6371057373701978,6371058293131747,Anak 38,L,30,-4.9944885,119.5058866,Januari,0,2020-01-16
Sulawesi Selatan,Maros,Maros Baru,Desa D,Posyandu D,6371057373701978,6371058293131747,Anak 38,L,30,-4.9944885,119.5058866,Februari,0,2020-02-16
Sulawesi Selatan,Maros,Maros Baru,Desa D,Posyandu D,6371057373701978,6371058293131747,Anak 38,L,30,-4.9944885,119.5058866,Maret,1,2020-03-16
Sulawesi Selatan,Maros,Maros Baru,Desa D,Posyandu D,6371057373701978,6371058293131747,Anak 38,L,30,-4.9944885,119.5058866,April,0,2020-04-16
Sulawesi Selatan,Maros,Maros Baru,Desa D,Posyandu D,6371057373701978,6371058293131747,Anak 38,L,30,-4.9944885,119.5058866,Mei,0,2020-05-16
Sulawesi Selatan,Maros,Maros Baru,Desa D,Posyandu D,6371057373701978,6371058293131747,Anak 38,L,30,-4.9944885,119.5058866,Juni,0,2020-06-16
Sulawesi Selatan,Maros,Maros Baru,Desa D,Posyandu D,6371057373701978,6371058293131747,Anak 38,L,30,-4.9944885,119.5058866,Juli,0,2020-07-16
Sulawesi Selatan,Maros,Maros Baru,Desa D,Posyandu D,6371057373701978,6371058293131747,Anak 38,L,30,-4.9944885,119.5058866,Agustus,0,2020-08-16
Sulawesi Selatan,Maros,Maros Baru,Desa D,Posyandu D,6371057373701978,6371058293131747,Anak 38,L,30,-4.9944885,119.5058866,September,0,2020-09-16
Sulawesi Selatan,Maros,Maros Baru,Desa D,Posyandu D,6371057373701978,6371058293131747,Anak 38,L,30,-4.9944885,119.5058866,Oktober,0,2020-10-16
Sulawesi Selatan,Maros,Maros Baru,Desa D,Posyandu D,6371057243642034,6371055322838268,Anak 39,L,46,-4.9944885,119.5058866,Januari,0,2020-01-16
Sulawesi Selatan,Maros,Maros Baru,Desa D,Posyandu D,6371057243642034,6371055322838268,Anak 39,L,46,-4.9944885,119.5058866,Februari,0,2020-02-16
Sulawesi Selatan,Maros,Maros Baru,Desa D,Posyandu D,6371057243642034,6371055322838268,Anak 39,L,46,-4.9944885,119.5058866,Maret,0,2020-03-16
Sulawesi Selatan,Maros,Maros Baru,Desa D,Posyandu D,6371057243642034,6371055322838268,Anak 39,L,46,-4.9944885,119.5058866,April,0,2020-04-16
Sulawesi Selatan,Maros,Maros Baru,Desa D,Posyandu D,6371057243642034,6371055322838268,Anak 39,L,46,-4.9944885,119.5058866,Mei,0,2020-05-16
Sulawesi Selatan,Maros,Maros Baru,Desa D,Posyandu D,6371057243642034,6371055322838268,Anak 39,L,46,-4.9944885,119.5058866,Juni,0,2020-06-16
Sulawesi Selatan,Maros,Maros Baru,Desa D,Posyandu D,6371057243642034,6371055322838268,Anak 39,L,46,-4.9944885,119.5058866,Juli,0,2020-07-16
Sulawesi Selatan,Maros,Maros Baru,Desa D,Posyandu D,6371057243642034,6371055322838268,Anak 39,L,46,-4.9944885,119.5058866,Agustus,0,2020-08-16
Sulawesi Selatan,Maros,Maros Baru,Desa D,Posyandu D,6371057243642034,6371055322838268,Anak 39,L,46,-4.9944885,119.5058866,September,0,2020-09-16
Sulawesi Selatan,Maros,Maros Baru,Desa D,Posyandu D,6371057243642034,6371055322838268,Anak 39,L,46,-4.9944885,119.5058866,Oktober,0,2020-10-16
Sulawesi Selatan,Maros,Maros Baru,Desa D,Posyandu D,6371057315153530,6371052112629361,Anak 40,P,31,-4.9944885,119.5058866,Januari,0,2020-01-16
Sulawesi Selatan,Maros,Maros Baru,Desa D,Posyandu D,6371057315153530,6371052112629361,Anak 40,P,31,-4.9944885,119.5058866,Februari,0,2020-02-16
Sulawesi Selatan,Maros,Maros Baru,Desa D,Posyandu D,6371057315153530,6371052112629361,Anak 40,P,31,-4.9944885,119.5058866,Maret,0,2020-03-16
Sulawesi Selatan,Maros,Maros Baru,Desa D,Posyandu D,6371057315153530,6371052112629361,Anak 40,P,31,-4.9944885,119.5058866,April,0,2020-04-16
Sulawesi Selatan,Maros,Maros Baru,Desa D,Posyandu D,6371057315153530,6371052112629361,Anak 40,P,31,-4.9944885,119.5058866,Mei,0,2020-05-16
Sulawesi Selatan,Maros,Maros Baru,Desa D,Posyandu D,6371057315153530,6371052112629361,Anak 40,P,31,-4.9944885,119.5058866,Juni,0,2020-06-16
Sulawesi Selatan,Maros,Maros Baru,Desa D,Posyandu D,6371057315153530,6371052112629361,Anak 40,P,31,-4.9944885,119.5058866,Juli,0,2020-07-16
Sulawesi Selatan,Maros,Maros Baru,Desa D,Posyandu D,6371057315153530,6371052112629361,Anak 40,P,31,-4.9944885,119.5058866,Agustus,0,2020-08-16
Sulawesi Selatan,Maros,Maros Baru,Desa D,Posyandu D,6371057315153530,6371052112629361,Anak 40,P,31,-4.9944885,119.5058866,September,0,2020-09-16
Sulawesi Selatan,Maros,Maros Baru,Desa D,Posyandu D,6371057315153530,6371052112629361,Anak 40,P,31,-4.9944885,119.5058866,Oktober,0,2020-10-16
Sulawesi Selatan,Maros,Maros Baru,Desa D,Posyandu D,6371053481024891,6371053953289890,Anak 41,L,54,-4.9944885,119.5058866,Januari,0,2020-01-16
Sulawesi Selatan,Maros,Maros Baru,Desa D,Posyandu D,6371053481024891,6371053953289890,Anak 41,L,54,-4.9944885,119.5058866,Februari,1,2020-02-16
Sulawesi Selatan,Maros,Maros Baru,Desa D,Posyandu D,6371053481024891,6371053953289890,Anak 41,L,54,-4.9944885,119.5058866,Maret,1,2020-03-16
Sulawesi Selatan,Maros,Maros Baru,Desa D,Posyandu D,6371053481024891,6371053953289890,Anak 41,L,54,-4.9944885,119.5058866,April,1,2020-04-16
Sulawesi Selatan,Maros,Maros Baru,Desa D,Posyandu D,6371053481024891,6371053953289890,Anak 41,L,54,-4.9944885,119.5058866,Mei,1,2020-05-16
Sulawesi Selatan,Maros,Maros Baru,Desa D,Posyandu D,6371053481024891,6371053953289890,Anak 41,L,54,-4.9944885,119.5058866,Juni,1,2020-06-16
Sulawesi Selatan,Maros,Maros Baru,Desa D,Posyandu D,6371053481024891,6371053953289890,Anak 41,L,54,-4.9944885,119.5058866,Juli,0,2020-07-16
Sulawesi Selatan,Maros,Maros Baru,Desa D,Posyandu D,6371053481024891,6371053953289890,Anak 41,L,54,-4.9944885,119.5058866,Agustus,0,2020-08-16
Sulawesi Selatan,Maros,Maros Baru,Desa D,Posyandu D,6371053481024891,6371053953289890,Anak 41,L,54,-4.9944885,119.5058866,September,0,2020-09-16
Sulawesi Selatan,Maros,Maros Baru,Desa D,Posyandu D,6371053481024891,6371053953289890,Anak 41,L,54,-4.9944885,119.5058866,Oktober,0,2020-10-16
Sulawesi Selatan,Maros,Maros Baru,Desa D,Posyandu D,6371053625745317,6371051265752679,Anak 42,P,2,-4.9944885,119.5058866,Januari,0,2020-01-16
Sulawesi Selatan,Maros,Maros Baru,Desa D,Posyandu D,6371053625745317,6371051265752679,Anak 42,P,2,-4.9944885,119.5058866,Februari,0,2020-02-16
Sulawesi Selatan,Maros,Maros Baru,Desa D,Posyandu D,6371053625745317,6371051265752679,Anak 42,P,2,-4.9944885,119.5058866,Maret,0,2020-03-16
Sulawesi Selatan,Maros,Maros Baru,Desa D,Posyandu D,6371053625745317,6371051265752679,Anak 42,P,2,-4.9944885,119.5058866,April,0,2020-04-16
Sulawesi Selatan,Maros,Maros Baru,Desa D,Posyandu D,6371053625745317,6371051265752679,Anak 42,P,2,-4.9944885,119.5058866,Mei,0,2020-05-16
Sulawesi Selatan,Maros,Maros Baru,Desa D,Posyandu D,6371053625745317,6371051265752679,Anak 42,P,2,-4.9944885,119.5058866,Juni,0,2020-06-16
Sulawesi Selatan,Maros,Maros Baru,Desa D,Posyandu D,6371053625745317,6371051265752679,Anak 42,P,2,-4.9944885,119.5058866,Juli,0,2020-07-16
Sulawesi Selatan,Maros,Maros Baru,Desa D,Posyandu D,6371053625745317,6371051265752679,Anak 42,P,2,-4.9944885,119.5058866,Agustus,0,2020-08-16
Sulawesi Selatan,Maros,Maros Baru,Desa D,Posyandu D,6371053625745317,6371051265752679,Anak 42,P,2,-4.9944885,119.5058866,September,0,2020-09-16
Sulawesi Selatan,Maros,Maros Baru,Desa D,Posyandu D,6371053625745317,6371051265752679,Anak 42,P,2,-4.9944885,119.5058866,Oktober,0,2020-10-16
Sulawesi Selatan,Maros,Maros Baru,Desa D,Posyandu D,6371058503453425,6371056397165425,Anak 43,P,45,-4.9944885,119.5058866,Januari,0,2020-01-16
Sulawesi Selatan,Maros,Maros Baru,Desa D,Posyandu D,6371058503453425,6371056397165425,Anak 43,P,45,-4.9944885,119.5058866,Februari,0,2020-02-16
Sulawesi Selatan,Maros,Maros Baru,Desa D,Posyandu D,6371058503453425,6371056397165425,Anak 43,P,45,-4.9944885,119.5058866,Maret,0,2020-03-16
Sulawesi Selatan,Maros,Maros Baru,Desa D,Posyandu D,6371058503453425,6371056397165425,Anak 43,P,45,-4.9944885,119.5058866,April,0,2020-04-16
Sulawesi Selatan,Maros,Maros Baru,Desa D,Posyandu D,6371058503453425,6371056397165425,Anak 43,P,45,-4.9944885,119.5058866,Mei,0,2020-05-16
Sulawesi Selatan,Maros,Maros Baru,Desa D,Posyandu D,6371058503453425,6371056397165425,Anak 43,P,45,-4.9944885,119.5058866,Juni,0,2020-06-16
Sulawesi Selatan,Maros,Maros Baru,Desa D,Posyandu D,6371058503453425,6371056397165425,Anak 43,P,45,-4.9944885,119.5058866,Juli,1,2020-07-16
Sulawesi Selatan,Maros,Maros Baru,Desa D,Posyandu D,6371058503453425,6371056397165425,Anak 43,P,45,-4.9944885,119.5058866,Agustus,0,2020-08-16
Sulawesi Selatan,Maros,Maros Baru,Desa D,Posyandu D,6371058503453425,6371056397165425,Anak 43,P,45,-4.9944885,119.5058866,September,0,2020-09-16
Sulawesi Selatan,Maros,Maros Baru,Desa D,Posyandu D,6371058503453425,6371056397165425,Anak 43,P,45,-4.9944885,119.5058866,Oktober,0,2020-10-16
Sulawesi Selatan,Maros,Maros Baru,Desa D,Posyandu D,6371055276661714,6371053147962624,Anak 44,L,44,-4.9944885,119.5058866,Januari,0,2020-01-16
Sulawesi Selatan,Maros,Maros Baru,Desa D,Posyandu D,6371055276661714,6371053147962624,Anak 44,L,44,-4.9944885,119.5058866,Februari,1,2020-02-16
Sulawesi Selatan,Maros,Maros Baru,Desa D,Posyandu D,6371055276661714,6371053147962624,Anak 44,L,44,-4.9944885,119.5058866,Maret,1,2020-03-16
Sulawesi Selatan,Maros,Maros Baru,Desa D,Posyandu D,6371055276661714,6371053147962624,Anak 44,L,44,-4.9944885,119.5058866,April,0,2020-04-16
Sulawesi Selatan,Maros,Maros Baru,Desa D,Posyandu D,6371055276661714,6371053147962624,Anak 44,L,44,-4.9944885,119.5058866,Mei,0,2020-05-16
Sulawesi Selatan,Maros,Maros Baru,Desa D,Posyandu D,6371055276661714,6371053147962624,Anak 44,L,44,-4.9944885,119.5058866,Juni,0,2020-06-16
Sulawesi Selatan,Maros,Maros Baru,Desa D,Posyandu D,6371055276661714,6371053147962624,Anak 44,L,44,-4.9944885,119.5058866,Juli,0,2020-07-16
Sulawesi Selatan,Maros,Maros Baru,Desa D,Posyandu D,6371055276661714,6371053147962624,Anak 44,L,44,-4.9944885,119.5058866,Agustus,0,2020-08-16
Sulawesi Selatan,Maros,Maros Baru,Desa D,Posyandu D,6371055276661714,6371053147962624,Anak 44,L,44,-4.9944885,119.5058866,September,0,2020-09-16
Sulawesi Selatan,Maros,Maros Baru,Desa D,Posyandu D,6371055276661714,6371053147962624,Anak 44,L,44,-4.9944885,119.5058866,Oktober,0,2020-10-16
Sulawesi Selatan,Maros,Maros Baru,Desa D,Posyandu D,6371056116333343,6371055841347430,Anak 45,P,23,-4.9944885,119.5058866,Januari,1,2020-01-16
Sulawesi Selatan,Maros,Maros Baru,Desa D,Posyandu D,6371056116333343,6371055841347430,Anak 45,P,23,-4.9944885,119.5058866,Februari,0,2020-02-16
Sulawesi Selatan,Maros,Maros Baru,Desa D,Posyandu D,6371056116333343,6371055841347430,Anak 45,P,23,-4.9944885,119.5058866,Maret,0,2020-03-16
Sulawesi Selatan,Maros,Maros Baru,Desa D,Posyandu D,6371056116333343,6371055841347430,Anak 45,P,23,-4.9944885,119.5058866,April,0,2020-04-16
Sulawesi Selatan,Maros,Maros Baru,Desa D,Posyandu D,6371056116333343,6371055841347430,Anak 45,P,23,-4.9944885,119.5058866,Mei,0,2020-05-16
Sulawesi Selatan,Maros,Maros Baru,Desa D,Posyandu D,6371056116333343,6371055841347430,Anak 45,P,23,-4.9944885,119.5058866,Juni,0,2020-06-16
Sulawesi Selatan,Maros,Maros Baru,Desa D,Posyandu D,6371056116333343,6371055841347430,Anak 45,P,23,-4.9944885,119.5058866,Juli,0,2020-07-16
Sulawesi Selatan,Maros,Maros Baru,Desa D,Posyandu D,6371056116333343,6371055841347430,Anak 45,P,23,-4.9944885,119.5058866,Agustus,0,2020-08-16
Sulawesi Selatan,Maros,Maros Baru,Desa D,Posyandu D,6371056116333343,6371055841347430,Anak 45,P,23,-4.9944885,119.5058866,September,0,2020-09-16
Sulawesi Selatan,Maros,Maros Baru,Desa D,Posyandu D,6371056116333343,6371055841347430,Anak 45,P,23,-4.9944885,119.5058866,Oktober,0,2020-10-16
Sulawesi Selatan,Maros,Maros Baru,Desa D,Posyandu D,6371059695071563,6371055594188039,Anak 46,P,57,-4.9944885,119.5058866,Januari,0,2020-01-16
Sulawesi Selatan,Maros,Maros Baru,Desa D,Posyandu D,6371059695071563,6371055594188039,Anak 46,P,57,-4.9944885,119.5058866,Februari,0,2020-02-16
Sulawesi Selatan,Maros,Maros Baru,Desa D,Posyandu D,6371059695071563,6371055594188039,Anak 46,P,57,-4.9944885,119.5058866,Maret,1,2020-03-16
Sulawesi Selatan,Maros,Maros Baru,Desa D,Posyandu D,6371059695071563,6371055594188039,Anak 46,P,57,-4.9944885,119.5058866,April,1,2020-04-16
Sulawesi Selatan,Maros,Maros Baru,Desa D,Posyandu D,6371059695071563,6371055594188039,Anak 46,P,57,-4.9944885,119.5058866,Mei,1,2020-05-16
Sulawesi Selatan,Maros,Maros Baru,Desa D,Posyandu D,6371059695071563,6371055594188039,Anak 46,P,57,-4.9944885,119.5058866,Juni,0,2020-06-16
Sulawesi Selatan,Maros,Maros Baru,Desa D,Posyandu D,6371059695071563,6371055594188039,Anak 46,P,57,-4.9944885,119.5058866,Juli,0,2020-07-16
Sulawesi Selatan,Maros,Maros Baru,Desa D,Posyandu D,6371059695071563,6371055594188039,Anak 46,P,57,-4.9944885,119.5058866,Agustus,0,2020-08-16
Sulawesi Selatan,Maros,Maros Baru,Desa D,Posyandu D,6371059695071563,6371055594188039,Anak 46,P,57,-4.9944885,119.5058866,September,1,2020-09-16
Sulawesi Selatan,Maros,Maros Baru,Desa D,Posyandu D,6371059695071563,6371055594188039,Anak 46,P,57,-4.9944885,119.5058866,Oktober,0,2020-10-16
Sulawesi Selatan,Maros,Maros Baru,Desa E,Posyandu E,6371052061242134,6371056794821715,Anak 47,P,25,-4.989663,119.5275043,Januari,0,2020-01-16
Sulawesi Selatan,Maros,Maros Baru,Desa E,Posyandu E,6371052061242134,6371056794821715,Anak 47,P,25,-4.989663,119.5275043,Februari,0,2020-02-16
Sulawesi Selatan,Maros,Maros Baru,Desa E,Posyandu E,6371052061242134,6371056794821715,Anak 47,P,25,-4.989663,119.5275043,Maret,0,2020-03-16
Sulawesi Selatan,Maros,Maros Baru,Desa E,Posyandu E,6371052061242134,6371056794821715,Anak 47,P,25,-4.989663,119.5275043,April,0,2020-04-16
Sulawesi Selatan,Maros,Maros Baru,Desa E,Posyandu E,6371052061242134,6371056794821715,Anak 47,P,25,-4.989663,119.5275043,Mei,0,2020-05-16
Sulawesi Selatan,Maros,Maros Baru,Desa E,Posyandu E,6371052061242134,6371056794821715,Anak 47,P,25,-4.989663,119.5275043,Juni,0,2020-06-16
Sulawesi Selatan,Maros,Maros Baru,Desa E,Posyandu E,6371052061242134,6371056794821715,Anak 47,P,25,-4.989663,119.5275043,Juli,0,2020-07-16
Sulawesi Selatan,Maros,Maros Baru,Desa E,Posyandu E,6371052061242134,6371056794821715,Anak 47,P,25,-4.989663,119.5275043,Agustus,0,2020-08-16
Sulawesi Selatan,Maros,Maros Baru,Desa E,Posyandu E,6371052061242134,6371056794821715,Anak 47,P,25,-4.989663,119.5275043,September,0,2020-09-16
Sulawesi Selatan,Maros,Maros Baru,Desa E,Posyandu E,6371052061242134,6371056794821715,Anak 47,P,25,-4.989663,119.5275043,Oktober,1,2020-10-16
Sulawesi Selatan,Maros,Maros Baru,Desa E,Posyandu E,6371054434516405,6371056798807463,Anak 48,P,1,-4.989663,119.5275043,Januari,1,2020-01-16
Sulawesi Selatan,Maros,Maros Baru,Desa E,Posyandu E,6371054434516405,6371056798807463,Anak 48,P,1,-4.989663,119.5275043,Februari,0,2020-02-16
Sulawesi Selatan,Maros,Maros Baru,Desa E,Posyandu E,6371054434516405,6371056798807463,Anak 48,P,1,-4.989663,119.5275043,Maret,1,2020-03-16
Sulawesi Selatan,Maros,Maros Baru,Desa E,Posyandu E,6371054434516405,6371056798807463,Anak 48,P,1,-4.989663,119.5275043,April,1,2020-04-16
Sulawesi Selatan,Maros,Maros Baru,Desa E,Posyandu E,6371054434516405,6371056798807463,Anak 48,P,1,-4.989663,119.5275043,Mei,1,2020-05-16
Sulawesi Selatan,Maros,Maros Baru,Desa E,Posyandu E,6371054434516405,6371056798807463,Anak 48,P,1,-4.989663,119.5275043,Juni,0,2020-06-16
Sulawesi Selatan,Maros,Maros Baru,Desa E,Posyandu E,6371054434516405,6371056798807463,Anak 48,P,1,-4.989663,119.5275043,Juli,0,2020-07-16
Sulawesi Selatan,Maros,Maros Baru,Desa E,Posyandu E,6371054434516405,6371056798807463,Anak 48,P,1,-4.989663,119.5275043,Agustus,0,2020-08-16
Sulawesi Selatan,Maros,Maros Baru,Desa E,Posyandu E,6371054434516405,6371056798807463,Anak 48,P,1,-4.989663,119.5275043,September,0,2020-09-16
Sulawesi Selatan,Maros,Maros Baru,Desa E,Posyandu E,6371054434516405,6371056798807463,Anak 48,P,1,-4.989663,119.5275043,Oktober,0,2020-10-16
Sulawesi Selatan,Maros,Maros Baru,Desa E,Posyandu E,6371053428345202,6371056625754574,Anak 49,P,29,-4.989663,119.5275043,Januari,0,2020-01-16
Sulawesi Selatan,Maros,Maros Baru,Desa E,Posyandu E,6371053428345202,6371056625754574,Anak 49,P,29,-4.989663,119.5275043,Februari,0,2020-02-16
Sulawesi Selatan,Maros,Maros Baru,Desa E,Posyandu E,6371053428345202,6371056625754574,Anak 49,P,29,-4.989663,119.5275043,Maret,0,2020-03-16
Sulawesi Selatan,Maros,Maros Baru,Desa E,Posyandu E,6371053428345202,6371056625754574,Anak 49,P,29,-4.989663,119.5275043,April,0,2020-04-16
Sulawesi Selatan,Maros,Maros Baru,Desa E,Posyandu E,6371053428345202,6371056625754574,Anak 49,P,29,-4.989663,119.5275043,Mei,1,2020-05-16
Sulawesi Selatan,Maros,Maros Baru,Desa E,Posyandu E,6371053428345202,6371056625754574,Anak 49,P,29,-4.989663,119.5275043,Juni,1,2020-06-16
Sulawesi Selatan,Maros,Maros Baru,Desa E,Posyandu E,6371053428345202,6371056625754574,Anak 49,P,29,-4.989663,119.5275043,Juli,0,2020-07-16
Sulawesi Selatan,Maros,Maros Baru,Desa E,Posyandu E,6371053428345202,6371056625754574,Anak 49,P,29,-4.989663,119.5275043,Agustus,0,2020-08-16
Sulawesi Selatan,Maros,Maros Baru,Desa E,Posyandu E,6371053428345202,6371056625754574,Anak 49,P,29,-4.989663,119.5275043,September,0,2020-09-16
Sulawesi Selatan,Maros,Maros Baru,Desa E,Posyandu E,6371053428345202,6371056625754574,Anak 49,P,29,-4.989663,119.5275043,Oktober,0,2020-10-16
Sulawesi Selatan,Maros,Maros Baru,Desa E,Posyandu E,6371056772553335,6371057376402671,Anak 50,L,28,-4.989663,119.5275043,Januari,0,2020-01-16
Sulawesi Selatan,Maros,Maros Baru,Desa E,Posyandu E,6371056772553335,6371057376402671,Anak 50,L,28,-4.989663,119.5275043,Februari,0,2020-02-16
Sulawesi Selatan,Maros,Maros Baru,Desa E,Posyandu E,6371056772553335,6371057376402671,Anak 50,L,28,-4.989663,119.5275043,Maret,0,2020-03-16
Sulawesi Selatan,Maros,Maros Baru,Desa E,Posyandu E,6371056772553335,6371057376402671,Anak 50,L,28,-4.989663,119.5275043,April,0,2020-04-16
Sulawesi Selatan,Maros,Maros Baru,Desa E,Posyandu E,6371056772553335,6371057376402671,Anak 50,L,28,-4.989663,119.5275043,Mei,0,2020-05-16
Sulawesi Selatan,Maros,Maros Baru,Desa E,Posyandu E,6371056772553335,6371057376402671,Anak 50,L,28,-4.989663,119.5275043,Juni,0,2020-06-16
Sulawesi Selatan,Maros,Maros Baru,Desa E,Posyandu E,6371056772553335,6371057376402671,Anak 50,L,28,-4.989663,119.5275043,Juli,0,2020-07-16
Sulawesi Selatan,Maros,Maros Baru,Desa E,Posyandu E,6371056772553335,6371057376402671,Anak 50,L,28,-4.989663,119.5275043,Agustus,1,2020-08-16
Sulawesi Selatan,Maros,Maros Baru,Desa E,Posyandu E,6371056772553335,6371057376402671,Anak 50,L,28,-4.989663,119.5275043,September,1,2020-09-16
Sulawesi Selatan,Maros,Maros Baru,Desa E,Posyandu E,6371056772553335,6371057376402671,Anak 50,L,28,-4.989663,119.5275043,Oktober,1,2020-10-16
Sulawesi Selatan,Maros,Maros Baru,Desa E,Posyandu E,6371056530494607,6371051445333316,Anak 51,L,6,-4.989663,119.5275043,Januari,0,2020-01-16
Sulawesi Selatan,Maros,Maros Baru,Desa E,Posyandu E,6371056530494607,6371051445333316,Anak 51,L,6,-4.989663,119.5275043,Februari,0,2020-02-16
Sulawesi Selatan,Maros,Maros Baru,Desa E,Posyandu E,6371056530494607,6371051445333316,Anak 51,L,6,-4.989663,119.5275043,Maret,0,2020-03-16
Sulawesi Selatan,Maros,Maros Baru,Desa E,Posyandu E,6371056530494607,6371051445333316,Anak 51,L,6,-4.989663,119.5275043,April,0,2020-04-16
Sulawesi Selatan,Maros,Maros Baru,Desa E,Posyandu E,6371056530494607,6371051445333316,Anak 51,L,6,-4.989663,119.5275043,Mei,0,2020-05-16
Sulawesi Selatan,Maros,Maros Baru,Desa E,Posyandu E,6371056530494607,6371051445333316,Anak 51,L,6,-4.989663,119.5275043,Juni,0,2020-06-16
Sulawesi Selatan,Maros,Maros Baru,Desa E,Posyandu E,6371056530494607,6371051445333316,Anak 51,L,6,-4.989663,119.5275043,Juli,0,2020-07-16
Sulawesi Selatan,Maros,Maros Baru,Desa E,Posyandu E,6371056530494607,6371051445333316,Anak 51,L,6,-4.989663,119.5275043,Agustus,0,2020-08-16
Sulawesi Selatan,Maros,Maros Baru,Desa E,Posyandu E,6371056530494607,6371051445333316,Anak 51,L,6,-4.989663,119.5275043,September,0,2020-09-16
Sulawesi Selatan,Maros,Maros Baru,Desa E,Posyandu E,6371056530494607,6371051445333316,Anak 51,L,6,-4.989663,119.5275043,Oktober,0,2020-10-16
Sulawesi Selatan,Maros,Maros Baru,Desa E,Posyandu E,6371058269112561,6371058528397694,Anak 52,L,38,-4.989663,119.5275043,Januari,0,2020-01-16
Sulawesi Selatan,Maros,Maros Baru,Desa E,Posyandu E,6371058269112561,6371058528397694,Anak 52,L,38,-4.989663,119.5275043,Februari,0,2020-02-16
Sulawesi Selatan,Maros,Maros Baru,Desa E,Posyandu E,6371058269112561,6371058528397694,Anak 52,L,38,-4.989663,119.5275043,Maret,0,2020-03-16
Sulawesi Selatan,Maros,Maros Baru,Desa E,Posyandu E,6371058269112561,6371058528397694,Anak 52,L,38,-4.989663,119.5275043,April,0,2020-04-16
Sulawesi Selatan,Maros,Maros Baru,Desa E,Posyandu E,6371058269112561,6371058528397694,Anak 52,L,38,-4.989663,119.5275043,Mei,0,2020-05-16
Sulawesi Selatan,Maros,Maros Baru,Desa E,Posyandu E,6371058269112561,6371058528397694,Anak 52,L,38,-4.989663,119.5275043,Juni,0,2020-06-16
Sulawesi Selatan,Maros,Maros Baru,Desa E,Posyandu E,6371058269112561,6371058528397694,Anak 52,L,38,-4.989663,119.5275043,Juli,0,2020-07-16
Sulawesi Selatan,Maros,Maros Baru,Desa E,Posyandu E,6371058269112561,6371058528397694,Anak 52,L,38,-4.989663,119.5275043,Agustus,0,2020-08-16
Sulawesi Selatan,Maros,Maros Baru,Desa E,Posyandu E,6371058269112561,6371058528397694,Anak 52,L,38,-4.989663,119.5275043,September,0,2020-09-16
Sulawesi Selatan,Maros,Maros Baru,Desa E,Posyandu E,6371058269112561,6371058528397694,Anak 52,L,38,-4.989663,119.5275043,Oktober,0,2020-10-16
Sulawesi Selatan,Maros,Maros Baru,Desa E,Posyandu E,6371055827979459,6371051460114685,Anak 53,P,45,-4.989663,119.5275043,Januari,0,2020-01-16
Sulawesi Selatan,Maros,Maros Baru,Desa E,Posyandu E,6371055827979459,6371051460114685,Anak 53,P,45,-4.989663,119.5275043,Februari,0,2020-02-16
Sulawesi Selatan,Maros,Maros Baru,Desa E,Posyandu E,6371055827979459,6371051460114685,Anak 53,P,45,-4.989663,119.5275043,Maret,1,2020-03-16
Sulawesi Selatan,Maros,Maros Baru,Desa E,Posyandu E,6371055827979459,6371051460114685,Anak 53,P,45,-4.989663,119.5275043,April,0,2020-04-16
Sulawesi Selatan,Maros,Maros Baru,Desa E,Posyandu E,6371055827979459,6371051460114685,Anak 53,P,45,-4.989663,119.5275043,Mei,0,2020-05-16
Sulawesi Selatan,Maros,Maros Baru,Desa E,Posyandu E,6371055827979459,6371051460114685,Anak 53,P,45,-4.989663,119.5275043,Juni,0,2020-06-16
Sulawesi Selatan,Maros,Maros Baru,Desa E,Posyandu E,6371055827979459,6371051460114685,Anak 53,P,45,-4.989663,119.5275043,Juli,0,2020-07-16
Sulawesi Selatan,Maros,Maros Baru,Desa E,Posyandu E,6371055827979459,6371051460114685,Anak 53,P,45,-4.989663,119.5275043,Agustus,0,2020-08-16
Sulawesi Selatan,Maros,Maros Baru,Desa E,Posyandu E,6371055827979459,6371051460114685,Anak 53,P,45,-4.989663,119.5275043,September,0,2020-09-16
Sulawesi Selatan,Maros,Maros Baru,Desa E,Posyandu E,6371055827979459,6371051460114685,Anak 53,P,45,-4.989663,119.5275043,Oktober,0,2020-10-16
Sulawesi Selatan,Maros,Maros Baru,Desa E,Posyandu E,6371056791292097,6371059692316802,Anak 54,P,53,-4.989663,119.5275043,Januari,0,2020-01-16
Sulawesi Selatan,Maros,Maros Baru,Desa E,Posyandu E,6371056791292097,6371059692316802,Anak 54,P,53,-4.989663,119.5275043,Februari,1,2020-02-16
Sulawesi Selatan,Maros,Maros Baru,Desa E,Posyandu E,6371056791292097,6371059692316802,Anak 54,P,53,-4.989663,119.5275043,Maret,1,2020-03-16
Sulawesi Selatan,Maros,Maros Baru,Desa E,Posyandu E,6371056791292097,6371059692316802,Anak 54,P,53,-4.989663,119.5275043,April,1,2020-04-16
Sulawesi Selatan,Maros,Maros Baru,Desa E,Posyandu E,6371056791292097,6371059692316802,Anak 54,P,53,-4.989663,119.5275043,Mei,1,2020-05-16
Sulawesi Selatan,Maros,Maros Baru,Desa E,Posyandu E,6371056791292097,6371059692316802,Anak 54,P,53,-4.989663,119.5275043,Juni,0,2020-06-16
Sulawesi Selatan,Maros,Maros Baru,Desa E,Posyandu E,6371056791292097,6371059692316802,Anak 54,P,53,-4.989663,119.5275043,Juli,0,2020-07-16
Sulawesi Selatan,Maros,Maros Baru,Desa E,Posyandu E,6371056791292097,6371059692316802,Anak 54,P,53,-4.989663,119.5275043,Agustus,0,2020-08-16
Sulawesi Selatan,Maros,Maros Baru,Desa E,Posyandu E,6371056791292097,6371059692316802,Anak 54,P,53,-4.989663,119.5275043,September,0,2020-09-16
Sulawesi Selatan,Maros,Maros Baru,Desa E,Posyandu E,6371056791292097,6371059692316802,Anak 54,P,53,-4.989663,119.5275043,Oktober,0,2020-10-16
Sulawesi Selatan,Maros,Maros Baru,Desa E,Posyandu E,6371051643279838,6371052951586157,Anak 55,L,34,-4.989663,119.5275043,Januari,1,2020-01-16
Sulawesi Selatan,Maros,Maros Baru,Desa E,Posyandu E,6371051643279838,6371052951586157,Anak 55,L,34,-4.989663,119.5275043,Februari,0,2020-02-16
Sulawesi Selatan,Maros,Maros Baru,Desa E,Posyandu E,6371051643279838,6371052951586157,Anak 55,L,34,-4.989663,119.5275043,Maret,1,2020-03-16
Sulawesi Selatan,Maros,Maros Baru,Desa E,Posyandu E,6371051643279838,6371052951586157,Anak 55,L,34,-4.989663,119.5275043,April,1,2020-04-16
Sulawesi Selatan,Maros,Maros Baru,Desa E,Posyandu E,6371051643279838,6371052951586157,Anak 55,L,34,-4.989663,119.5275043,Mei,1,2020-05-16
Sulawesi Selatan,Maros,Maros Baru,Desa E,Posyandu E,6371051643279838,6371052951586157,Anak 55,L,34,-4.989663,119.5275043,Juni,1,2020-06-16
Sulawesi Selatan,Maros,Maros Baru,Desa E,Posyandu E,6371051643279838,6371052951586157,Anak 55,L,34,-4.989663,119.5275043,Juli,1,2020-07-16
Sulawesi Selatan,Maros,Maros Baru,Desa E,Posyandu E,6371051643279838,6371052951586157,Anak 55,L,34,-4.989663,119.5275043,Agustus,0,2020-08-16
Sulawesi Selatan,Maros,Maros Baru,Desa E,Posyandu E,6371051643279838,6371052951586157,Anak 55,L,34,-4.989663,119.5275043,September,0,2020-09-16
Sulawesi Selatan,Maros,Maros Baru,Desa E,Posyandu E,6371051643279838,6371052951586157,Anak 55,L,34,-4.989663,119.5275043,Oktober,0,2020-10-16
Sulawesi Selatan,Maros,Maros Baru,Desa E,Posyandu E,6371053271179367,6371057596502632,Anak 56,L,51,-4.989663,119.5275043,Januari,0,2020-01-16
Sulawesi Selatan,Maros,Maros Baru,Desa E,Posyandu E,6371053271179367,6371057596502632,Anak 56,L,51,-4.989663,119.5275043,Februari,0,2020-02-16
Sulawesi Selatan,Maros,Maros Baru,Desa E,Posyandu E,6371053271179367,6371057596502632,Anak 56,L,51,-4.989663,119.5275043,Maret,0,2020-03-16
Sulawesi Selatan,Maros,Maros Baru,Desa E,Posyandu E,6371053271179367,6371057596502632,Anak 56,L,51,-4.989663,119.5275043,April,0,2020-04-16
Sulawesi Selatan,Maros,Maros Baru,Desa E,Posyandu E,6371053271179367,6371057596502632,Anak 56,L,51,-4.989663,119.5275043,Mei,1,2020-05-16
Sulawesi Selatan,Maros,Maros Baru,Desa E,Posyandu E,6371053271179367,6371057596502632,Anak 56,L,51,-4.989663,119.5275043,Juni,1,2020-06-16
Sulawesi Selatan,Maros,Maros Baru,Desa E,Posyandu E,6371053271179367,6371057596502632,Anak 56,L,51,-4.989663,119.5275043,Juli,1,2020-07-16
Sulawesi Selatan,Maros,Maros Baru,Desa E,Posyandu E,6371053271179367,6371057596502632,Anak 56,L,51,-4.989663,119.5275043,Agustus,0,2020-08-16
Sulawesi Selatan,Maros,Maros Baru,Desa E,Posyandu E,6371053271179367,6371057596502632,Anak 56,L,51,-4.989663,119.5275043,September,1,2020-09-16
Sulawesi Selatan,Maros,Maros Baru,Desa E,Posyandu E,6371053271179367,6371057596502632,Anak 56,L,51,-4.989663,119.5275043,Oktober,1,2020-10-16
Sulawesi Selatan,Maros,Maros Baru,Desa E,Posyandu E,6371054784979913,6371059243298658,Anak 57,L,34,-4.989663,119.5275043,Januari,0,2020-01-16
Sulawesi Selatan,Maros,Maros Baru,Desa E,Posyandu E,6371054784979913,6371059243298658,Anak 57,L,34,-4.989663,119.5275043,Februari,0,2020-02-16
Sulawesi Selatan,Maros,Maros Baru,Desa E,Posyandu E,6371054784979913,6371059243298658,Anak 57,L,34,-4.989663,119.5275043,Maret,0,2020-03-16
Sulawesi Selatan,Maros,Maros Baru,Desa E,Posyandu E,6371054784979913,6371059243298658,Anak 57,L,34,-4.989663,119.5275043,April,0,2020-04-16
Sulawesi Selatan,Maros,Maros Baru,Desa E,Posyandu E,6371054784979913,6371059243298658,Anak 57,L,34,-4.989663,119.5275043,Mei,0,2020-05-16
Sulawesi Selatan,Maros,Maros Baru,Desa E,Posyandu E,6371054784979913,6371059243298658,Anak 57,L,34,-4.989663,119.5275043,Juni,0,2020-06-16
Sulawesi Selatan,Maros,Maros Baru,Desa E,Posyandu E,6371054784979913,6371059243298658,Anak 57,L,34,-4.989663,119.5275043,Juli,0,2020-07-16
Sulawesi Selatan,Maros,Maros Baru,Desa E,Posyandu E,6371054784979913,6371059243298658,Anak 57,L,34,-4.989663,119.5275043,Agustus,0,2020-08-16
Sulawesi Selatan,Maros,Maros Baru,Desa E,Posyandu E,6371054784979913,6371059243298658,Anak 57,L,34,-4.989663,119.5275043,September,1,2020-09-16
Sulawesi Selatan,Maros,Maros Baru,Desa E,Posyandu E,6371054784979913,6371059243298658,Anak 57,L,34,-4.989663,119.5275043,Oktober,0,2020-10-16
Sulawesi Selatan,Maros,Maros Baru,Desa E,Posyandu E,6371054375783488,6371057042157291,Anak 58,L,56,-4.989663,119.5275043,Januari,1,2020-01-16
Sulawesi Selatan,Maros,Maros Baru,Desa E,Posyandu E,6371054375783488,6371057042157291,Anak 58,L,56,-4.989663,119.5275043,Februari,0,2020-02-16
Sulawesi Selatan,Maros,Maros Baru,Desa E,Posyandu E,6371054375783488,6371057042157291,Anak 58,L,56,-4.989663,119.5275043,Maret,0,2020-03-16
Sulawesi Selatan,Maros,Maros Baru,Desa E,Posyandu E,6371054375783488,6371057042157291,Anak 58,L,56,-4.989663,119.5275043,April,0,2020-04-16
Sulawesi Selatan,Maros,Maros Baru,Desa E,Posyandu E,6371054375783488,6371057042157291,Anak 58,L,56,-4.989663,119.5275043,Mei,0,2020-05-16
Sulawesi Selatan,Maros,Maros Baru,Desa E,Posyandu E,6371054375783488,6371057042157291,Anak 58,L,56,-4.989663,119.5275043,Juni,0,2020-06-16
Sulawesi Selatan,Maros,Maros Baru,Desa E,Posyandu E,6371054375783488,6371057042157291,Anak 58,L,56,-4.989663,119.5275043,Juli,0,2020-07-16
Sulawesi Selatan,Maros,Maros Baru,Desa E,Posyandu E,6371054375783488,6371057042157291,Anak 58,L,56,-4.989663,119.5275043,Agustus,0,2020-08-16
Sulawesi Selatan,Maros,Maros Baru,Desa E,Posyandu E,6371054375783488,6371057042157291,Anak 58,L,56,-4.989663,119.5275043,September,0,2020-09-16
Sulawesi Selatan,Maros,Maros Baru,Desa E,Posyandu E,6371054375783488,6371057042157291,Anak 58,L,56,-4.989663,119.5275043,Oktober,0,2020-10-16
Sulawesi Selatan,Maros,Maros Baru,Desa F,Posyandu F,6371053500406206,6371055241732735,Anak 59,P,39,-4.9755651,119.5113574,Januari,0,2020-01-16
Sulawesi Selatan,Maros,Maros Baru,Desa F,Posyandu F,6371053500406206,6371055241732735,Anak 59,P,39,-4.9755651,119.5113574,Februari,0,2020-02-16
Sulawesi Selatan,Maros,Maros Baru,Desa F,Posyandu F,6371053500406206,6371055241732735,Anak 59,P,39,-4.9755651,119.5113574,Maret,0,2020-03-16
Sulawesi Selatan,Maros,Maros Baru,Desa F,Posyandu F,6371053500406206,6371055241732735,Anak 59,P,39,-4.9755651,119.5113574,April,0,2020-04-16
Sulawesi Selatan,Maros,Maros Baru,Desa F,Posyandu F,6371053500406206,6371055241732735,Anak 59,P,39,-4.9755651,119.5113574,Mei,0,2020-05-16
Sulawesi Selatan,Maros,Maros Baru,Desa F,Posyandu F,6371053500406206,6371055241732735,Anak 59,P,39,-4.9755651,119.5113574,Juni,0,2020-06-16
Sulawesi Selatan,Maros,Maros Baru,Desa F,Posyandu F,6371053500406206,6371055241732735,Anak 59,P,39,-4.9755651,119.5113574,Juli,0,2020-07-16
Sulawesi Selatan,Maros,Maros Baru,Desa F,Posyandu F,6371053500406206,6371055241732735,Anak 59,P,39,-4.9755651,119.5113574,Agustus,0,2020-08-16
Sulawesi Selatan,Maros,Maros Baru,Desa F,Posyandu F,6371053500406206,6371055241732735,Anak 59,P,39,-4.9755651,119.5113574,September,0,2020-09-16
Sulawesi Selatan,Maros,Maros Baru,Desa F,Posyandu F,6371053500406206,6371055241732735,Anak 59,P,39,-4.9755651,119.5113574,Oktober,1,2020-10-16
Sulawesi Selatan,Maros,Maros Baru,Desa F,Posyandu F,6371052992155046,6371059618359690,Anak 60,P,36,-4.9755651,119.5113574,Januari,0,2020-01-16
Sulawesi Selatan,Maros,Maros Baru,Desa F,Posyandu F,6371052992155046,6371059618359690,Anak 60,P,36,-4.9755651,119.5113574,Februari,0,2020-02-16
Sulawesi Selatan,Maros,Maros Baru,Desa F,Posyandu F,6371052992155046,6371059618359690,Anak 60,P,36,-4.9755651,119.5113574,Maret,0,2020-03-16
Sulawesi Selatan,Maros,Maros Baru,Desa F,Posyandu F,6371052992155046,6371059618359690,Anak 60,P,36,-4.9755651,119.5113574,April,0,2020-04-16
Sulawesi Selatan,Maros,Maros Baru,Desa F,Posyandu F,6371052992155046,6371059618359690,Anak 60,P,36,-4.9755651,119.5113574,Mei,0,2020-05-16
Sulawesi Selatan,Maros,Maros Baru,Desa F,Posyandu F,6371052992155046,6371059618359690,Anak 60,P,36,-4.9755651,119.5113574,Juni,0,2020-06-16
Sulawesi Selatan,Maros,Maros Baru,Desa F,Posyandu F,6371052992155046,6371059618359690,Anak 60,P,36,-4.9755651,119.5113574,Juli,0,2020-07-16
Sulawesi Selatan,Maros,Maros Baru,Desa F,Posyandu F,6371052992155046,6371059618359690,Anak 60,P,36,-4.9755651,119.5113574,Agustus,0,2020-08-16
Sulawesi Selatan,Maros,Maros Baru,Desa F,Posyandu F,6371052992155046,6371059618359690,Anak 60,P,36,-4.9755651,119.5113574,September,0,2020-09-16
Sulawesi Selatan,Maros,Maros Baru,Desa F,Posyandu F,6371052992155046,6371059618359690,Anak 60,P,36,-4.9755651,119.5113574,Oktober,0,2020-10-16
Sulawesi Selatan,Maros,Maros Baru,Desa F,Posyandu F,6371054461286950,6371059821252741,Anak 61,L,25,-4.9755651,119.5113574,Januari,0,2020-01-16
Sulawesi Selatan,Maros,Maros Baru,Desa F,Posyandu F,6371054461286950,6371059821252741,Anak 61,L,25,-4.9755651,119.5113574,Februari,0,2020-02-16
Sulawesi Selatan,Maros,Maros Baru,Desa F,Posyandu F,6371054461286950,6371059821252741,Anak 61,L,25,-4.9755651,119.5113574,Maret,0,2020-03-16
Sulawesi Selatan,Maros,Maros Baru,Desa F,Posyandu F,6371054461286950,6371059821252741,Anak 61,L,25,-4.9755651,119.5113574,April,0,2020-04-16
Sulawesi Selatan,Maros,Maros Baru,Desa F,Posyandu F,6371054461286950,6371059821252741,Anak 61,L,25,-4.9755651,119.5113574,Mei,1,2020-05-16
Sulawesi Selatan,Maros,Maros Baru,Desa F,Posyandu F,6371054461286950,6371059821252741,Anak 61,L,25,-4.9755651,119.5113574,Juni,1,2020-06-16
Sulawesi Selatan,Maros,Maros Baru,Desa F,Posyandu F,6371054461286950,6371059821252741,Anak 61,L,25,-4.9755651,119.5113574,Juli,1,2020-07-16
Sulawesi Selatan,Maros,Maros Baru,Desa F,Posyandu F,6371054461286950,6371059821252741,Anak 61,L,25,-4.9755651,119.5113574,Agustus,1,2020-08-16
Sulawesi Selatan,Maros,Maros Baru,Desa F,Posyandu F,6371054461286950,6371059821252741,Anak 61,L,25,-4.9755651,119.5113574,September,0,2020-09-16
Sulawesi Selatan,Maros,Maros Baru,Desa F,Posyandu F,6371054461286950,6371059821252741,Anak 61,L,25,-4.9755651,119.5113574,Oktober,0,2020-10-16
Sulawesi Selatan,Maros,Maros Baru,Desa F,Posyandu F,6371058745276404,6371052421156562,Anak 62,L,21,-4.9755651,119.5113574,Januari,0,2020-01-16
Sulawesi Selatan,Maros,Maros Baru,Desa F,Posyandu F,6371058745276404,6371052421156562,Anak 62,L,21,-4.9755651,119.5113574,Februari,0,2020-02-16
Sulawesi Selatan,Maros,Maros Baru,Desa F,Posyandu F,6371058745276404,6371052421156562,Anak 62,L,21,-4.9755651,119.5113574,Maret,1,2020-03-16
Sulawesi Selatan,Maros,Maros Baru,Desa F,Posyandu F,6371058745276404,6371052421156562,Anak 62,L,21,-4.9755651,119.5113574,April,0,2020-04-16
Sulawesi Selatan,Maros,Maros Baru,Desa F,Posyandu F,6371058745276404,6371052421156562,Anak 62,L,21,-4.9755651,119.5113574,Mei,0,2020-05-16
Sulawesi Selatan,Maros,Maros Baru,Desa F,Posyandu F,6371058745276404,6371052421156562,Anak 62,L,21,-4.9755651,119.5113574,Juni,0,2020-06-16
Sulawesi Selatan,Maros,Maros Baru,Desa F,Posyandu F,6371058745276404,6371052421156562,Anak 62,L,21,-4.9755651,119.5113574,Juli,0,2020-07-16
Sulawesi Selatan,Maros,Maros Baru,Desa F,Posyandu F,6371058745276404,6371052421156562,Anak 62,L,21,-4.9755651,119.5113574,Agustus,0,2020-08-16
Sulawesi Selatan,Maros,Maros Baru,Desa F,Posyandu F,6371058745276404,6371052421156562,Anak 62,L,21,-4.9755651,119.5113574,September,0,2020-09-16
Sulawesi Selatan,Maros,Maros Baru,Desa F,Posyandu F,6371058745276404,6371052421156562,Anak 62,L,21,-4.9755651,119.5113574,Oktober,0,2020-10-16
Sulawesi Selatan,Maros,Maros Baru,Desa F,Posyandu F,6371052448318160,6371052683925548,Anak 63,P,48,-4.9755651,119.5113574,Januari,0,2020-01-16
Sulawesi Selatan,Maros,Maros Baru,Desa F,Posyandu F,6371052448318160,6371052683925548,Anak 63,P,48,-4.9755651,119.5113574,Februari,0,2020-02-16
Sulawesi Selatan,Maros,Maros Baru,Desa F,Posyandu F,6371052448318160,6371052683925548,Anak 63,P,48,-4.9755651,119.5113574,Maret,0,2020-03-16
Sulawesi Selatan,Maros,Maros Baru,Desa F,Posyandu F,6371052448318160,6371052683925548,Anak 63,P,48,-4.9755651,119.5113574,April,0,2020-04-16
Sulawesi Selatan,Maros,Maros Baru,Desa F,Posyandu F,6371052448318160,6371052683925548,Anak 63,P,48,-4.9755651,119.5113574,Mei,1,2020-05-16
Sulawesi Selatan,Maros,Maros Baru,Desa F,Posyandu F,6371052448318160,6371052683925548,Anak 63,P,48,-4.9755651,119.5113574,Juni,0,2020-06-16
Sulawesi Selatan,Maros,Maros Baru,Desa F,Posyandu F,6371052448318160,6371052683925548,Anak 63,P,48,-4.9755651,119.5113574,Juli,0,2020-07-16
Sulawesi Selatan,Maros,Maros Baru,Desa F,Posyandu F,6371052448318160,6371052683925548,Anak 63,P,48,-4.9755651,119.5113574,Agustus,0,2020-08-16
Sulawesi Selatan,Maros,Maros Baru,Desa F,Posyandu F,6371052448318160,6371052683925548,Anak 63,P,48,-4.9755651,119.5113574,September,0,2020-09-16
Sulawesi Selatan,Maros,Maros Baru,Desa F,Posyandu F,6371052448318160,6371052683925548,Anak 63,P,48,-4.9755651,119.5113574,Oktober,0,2020-10-16
Sulawesi Selatan,Maros,Maros Baru,Desa F,Posyandu F,6371055916031775,6371055806613637,Anak 64,P,6,-4.9755651,119.5113574,Januari,0,2020-01-16
Sulawesi Selatan,Maros,Maros Baru,Desa F,Posyandu F,6371055916031775,6371055806613637,Anak 64,P,6,-4.9755651,119.5113574,Februari,1,2020-02-16
Sulawesi Selatan,Maros,Maros Baru,Desa F,Posyandu F,6371055916031775,6371055806613637,Anak 64,P,6,-4.9755651,119.5113574,Maret,0,2020-03-16
Sulawesi Selatan,Maros,Maros Baru,Desa F,Posyandu F,6371055916031775,6371055806613637,Anak 64,P,6,-4.9755651,119.5113574,April,0,2020-04-16
Sulawesi Selatan,Maros,Maros Baru,Desa F,Posyandu F,6371055916031775,6371055806613637,Anak 64,P,6,-4.9755651,119.5113574,Mei,0,2020-05-16
Sulawesi Selatan,Maros,Maros Baru,Desa F,Posyandu F,6371055916031775,6371055806613637,Anak 64,P,6,-4.9755651,119.5113574,Juni,0,2020-06-16
Sulawesi Selatan,Maros,Maros Baru,Desa F,Posyandu F,6371055916031775,6371055806613637,Anak 64,P,6,-4.9755651,119.5113574,Juli,0,2020-07-16
Sulawesi Selatan,Maros,Maros Baru,Desa F,Posyandu F,6371055916031775,6371055806613637,Anak 64,P,6,-4.9755651,119.5113574,Agustus,0,2020-08-16
Sulawesi Selatan,Maros,Maros Baru,Desa F,Posyandu F,6371055916031775,6371055806613637,Anak 64,P,6,-4.9755651,119.5113574,September,0,2020-09-16
Sulawesi Selatan,Maros,Maros Baru,Desa F,Posyandu F,6371055916031775,6371055806613637,Anak 64,P,6,-4.9755651,119.5113574,Oktober,0,2020-10-16
Sulawesi Selatan,Maros,Maros Baru,Desa F,Posyandu F,6371052201242192,6371055953623944,Anak 65,P,15,-4.9755651,119.5113574,Januari,1,2020-01-16
Sulawesi Selatan,Maros,Maros Baru,Desa F,Posyandu F,6371052201242192,6371055953623944,Anak 65,P,15,-4.9755651,119.5113574,Februari,1,2020-02-16
Sulawesi Selatan,Maros,Maros Baru,Desa F,Posyandu F,6371052201242192,6371055953623944,Anak 65,P,15,-4.9755651,119.5113574,Maret,1,2020-03-16
Sulawesi Selatan,Maros,Maros Baru,Desa F,Posyandu F,6371052201242192,6371055953623944,Anak 65,P,15,-4.9755651,119.5113574,April,1,2020-04-16
Sulawesi Selatan,Maros,Maros Baru,Desa F,Posyandu F,6371052201242192,6371055953623944,Anak 65,P,15,-4.9755651,119.5113574,Mei,0,2020-05-16
Sulawesi Selatan,Maros,Maros Baru,Desa F,Posyandu F,6371052201242192,6371055953623944,Anak 65,P,15,-4.9755651,119.5113574,Juni,0,2020-06-16
Sulawesi Selatan,Maros,Maros Baru,Desa F,Posyandu F,6371052201242192,6371055953623944,Anak 65,P,15,-4.9755651,119.5113574,Juli,0,2020-07-16
Sulawesi Selatan,Maros,Maros Baru,Desa F,Posyandu F,6371052201242192,6371055953623944,Anak 65,P,15,-4.9755651,119.5113574,Agustus,0,2020-08-16
Sulawesi Selatan,Maros,Maros Baru,Desa F,Posyandu F,6371052201242192,6371055953623944,Anak 65,P,15,-4.9755651,119.5113574,September,0,2020-09-16
Sulawesi Selatan,Maros,Maros Baru,Desa F,Posyandu F,6371052201242192,6371055953623944,Anak 65,P,15,-4.9755651,119.5113574,Oktober,0,2020-10-16
Sulawesi Selatan,Maros,Maros Baru,Desa F,Posyandu F,6371056167584009,6371057382947060,Anak 66,L,25,-4.9755651,119.5113574,Januari,0,2020-01-16
Sulawesi Selatan,Maros,Maros Baru,Desa F,Posyandu F,6371056167584009,6371057382947060,Anak 66,L,25,-4.9755651,119.5113574,Februari,1,2020-02-16
Sulawesi Selatan,Maros,Maros Baru,Desa F,Posyandu F,6371056167584009,6371057382947060,Anak 66,L,25,-4.9755651,119.5113574,Maret,0,2020-03-16
Sulawesi Selatan,Maros,Maros Baru,Desa F,Posyandu F,6371056167584009,6371057382947060,Anak 66,L,25,-4.9755651,119.5113574,April,0,2020-04-16
Sulawesi Selatan,Maros,Maros Baru,Desa F,Posyandu F,6371056167584009,6371057382947060,Anak 66,L,25,-4.9755651,119.5113574,Mei,0,2020-05-16
Sulawesi Selatan,Maros,Maros Baru,Desa F,Posyandu F,6371056167584009,6371057382947060,Anak 66,L,25,-4.9755651,119.5113574,Juni,0,2020-06-16
Sulawesi Selatan,Maros,Maros Baru,Desa F,Posyandu F,6371056167584009,6371057382947060,Anak 66,L,25,-4.9755651,119.5113574,Juli,0,2020-07-16
Sulawesi Selatan,Maros,Maros Baru,Desa F,Posyandu F,6371056167584009,6371057382947060,Anak 66,L,25,-4.9755651,119.5113574,Agustus,0,2020-08-16
Sulawesi Selatan,Maros,Maros Baru,Desa F,Posyandu F,6371056167584009,6371057382947060,Anak 66,L,25,-4.9755651,119.5113574,September,0,2020-09-16
Sulawesi Selatan,Maros,Maros Baru,Desa F,Posyandu F,6371056167584009,6371057382947060,Anak 66,L,25,-4.9755651,119.5113574,Oktober,0,2020-10-16
Sulawesi Selatan,Maros,Maros Baru,Desa F,Posyandu F,6371055681806128,6371051391501546,Anak 67,L,10,-4.9755651,119.5113574,Januari,0,2020-01-16
Sulawesi Selatan,Maros,Maros Baru,Desa F,Posyandu F,6371055681806128,6371051391501546,Anak 67,L,10,-4.9755651,119.5113574,Februari,0,2020-02-16
Sulawesi Selatan,Maros,Maros Baru,Desa F,Posyandu F,6371055681806128,6371051391501546,Anak 67,L,10,-4.9755651,119.5113574,Maret,0,2020-03-16
Sulawesi Selatan,Maros,Maros Baru,Desa F,Posyandu F,6371055681806128,6371051391501546,Anak 67,L,10,-4.9755651,119.5113574,April,0,2020-04-16
Sulawesi Selatan,Maros,Maros Baru,Desa F,Posyandu F,6371055681806128,6371051391501546,Anak 67,L,10,-4.9755651,119.5113574,Mei,0,2020-05-16
Sulawesi Selatan,Maros,Maros Baru,Desa F,Posyandu F,6371055681806128,6371051391501546,Anak 67,L,10,-4.9755651,119.5113574,Juni,0,2020-06-16
Sulawesi Selatan,Maros,Maros Baru,Desa F,Posyandu F,6371055681806128,6371051391501546,Anak 67,L,10,-4.9755651,119.5113574,Juli,0,2020-07-16
Sulawesi Selatan,Maros,Maros Baru,Desa F,Posyandu F,6371055681806128,6371051391501546,Anak 67,L,10,-4.9755651,119.5113574,Agustus,0,2020-08-16
Sulawesi Selatan,Maros,Maros Baru,Desa F,Posyandu F,6371055681806128,6371051391501546,Anak 67,L,10,-4.9755651,119.5113574,September,0,2020-09-16
Sulawesi Selatan,Maros,Maros Baru,Desa F,Posyandu F,6371055681806128,6371051391501546,Anak 67,L,10,-4.9755651,119.5113574,Oktober,0,2020-10-16
Sulawesi Selatan,Maros,Maros Baru,Desa F,Posyandu F,6371059460195644,6371055249281111,Anak 68,L,23,-4.9755651,119.5113574,Januari,0,2020-01-16
Sulawesi Selatan,Maros,Maros Baru,Desa F,Posyandu F,6371059460195644,6371055249281111,Anak 68,L,23,-4.9755651,119.5113574,Februari,0,2020-02-16
Sulawesi Selatan,Maros,Maros Baru,Desa F,Posyandu F,6371059460195644,6371055249281111,Anak 68,L,23,-4.9755651,119.5113574,Maret,0,2020-03-16
Sulawesi Selatan,Maros,Maros Baru,Desa F,Posyandu F,6371059460195644,6371055249281111,Anak 68,L,23,-4.9755651,119.5113574,April,0,2020-04-16
Sulawesi Selatan,Maros,Maros Baru,Desa F,Posyandu F,6371059460195644,6371055249281111,Anak 68,L,23,-4.9755651,119.5113574,Mei,0,2020-05-16
Sulawesi Selatan,Maros,Maros Baru,Desa F,Posyandu F,6371059460195644,6371055249281111,Anak 68,L,23,-4.9755651,119.5113574,Juni,0,2020-06-16
Sulawesi Selatan,Maros,Maros Baru,Desa F,Posyandu F,6371059460195644,6371055249281111,Anak 68,L,23,-4.9755651,119.5113574,Juli,0,2020-07-16
Sulawesi Selatan,Maros,Maros Baru,Desa F,Posyandu F,6371059460195644,6371055249281111,Anak 68,L,23,-4.9755651,119.5113574,Agustus,0,2020-08-16
Sulawesi Selatan,Maros,Maros Baru,Desa F,Posyandu F,6371059460195644,6371055249281111,Anak 68,L,23,-4.9755651,119.5113574,September,0,2020-09-16
Sulawesi Selatan,Maros,Maros Baru,Desa F,Posyandu F,6371059460195644,6371055249281111,Anak 68,L,23,-4.9755651,119.5113574,Oktober,0,2020-10-16
